datetime,Naive (t-96),Linear Regression,Random Forest,Gradient Boosting,MLP (Neural Net),Actual,LSTM
2026-08-27 00:00:00,228341.0,231710.0031984868,232235.18226785716,231858.1429516491,231744.6417286122,231518,233766.52
2026-08-27 00:15:00,227630.0,230050.479569178,230171.0008818127,229836.3477627645,230300.20938027263,230544,232843.5
2026-08-27 00:30:00,226512.0,229385.9367453488,229027.12553368855,228832.18987467117,229432.0466849183,229512,231716.72
2026-08-27 00:45:00,224731.0,228454.9627673162,228123.9418924062,227910.98845115324,228320.28810160203,228204,230391.66
2026-08-27 01:00:00,222913.0,227047.9444433929,226843.813205808,226842.9213141588,226923.7219842972,226533,228893.0
2026-08-27 01:15:00,221133.0,225265.20467908625,224822.06344440216,224959.26296335424,225340.6561802963,224318,227319.42
2026-08-27 01:30:00,219972.0,222914.4097923984,222940.35926542367,223441.3967774216,223859.8004489309,222948,225805.73
2026-08-27 01:45:00,218692.0,221821.78239683423,221194.3794265873,221584.9609283988,222775.9795278494,221353,224421.02
2026-08-27 02:00:00,216905.0,220337.20883070605,220058.28208061383,219832.5321870389,221217.9915159089,220262,223150.56
2026-08-27 02:15:00,215905.0,219409.55036915792,219012.25541746037,219076.46157173888,220075.57047831189,219050,221925.73
2026-08-27 02:30:00,215086.0,218293.6876705414,218251.9019225928,218272.79610553585,219089.9851364734,218385,220744.17
2026-08-27 02:45:00,214930.0,217838.06710046908,217491.66273083776,217989.95093618825,218626.95173555543,219221,219691.38
2026-08-27 03:00:00,214263.0,219261.47321385395,218806.68692020487,219069.0183226292,219091.9192403071,218153,218820.92
2026-08-27 03:15:00,213704.0,217795.2665864572,217689.98053055047,218064.392959384,218300.0657662147,217729,218147.16
2026-08-27 03:30:00,213269.0,217304.19229380653,217543.0225916977,217584.807654094,217906.65641864497,217215,217709.73
2026-08-27 03:45:00,212685.0,216905.36335091665,217278.6947522951,217142.09382862336,217379.70072308785,215985,217525.64
2026-08-27 04:00:00,212051.0,215473.8745236357,215964.5819931714,215998.96364095504,216481.48648341952,215265,217607.08
2026-08-27 04:15:00,212561.0,214904.4629311105,215397.09632323228,215077.85178933933,216267.4553301766,216741,217857.86
2026-08-27 04:30:00,213133.0,217254.04743675303,217669.8555182159,217400.33666215764,217516.15556798925,216979,218291.64
2026-08-27 04:45:00,213144.0,217479.5289952202,217902.004693818,217658.72417065897,217884.8392111838,216954,218844.42
2026-08-27 05:00:00,213362.0,217177.35388383208,218045.41782967228,218044.52909103068,218029.29720363024,217687,219494.02
2026-08-27 05:15:00,215158.0,218101.35231518175,218768.57327909977,218876.5246201724,219222.5546622259,219778,220251.61
2026-08-27 05:30:00,216717.0,220957.24487034685,221034.04142738148,221729.9573453077,221251.7401046408,221490,221107.38
2026-08-27 05:45:00,217842.0,222875.463476134,223101.39035846893,223005.7129382604,223500.7805878805,222771,222293.75
2026-08-27 06:00:00,218322.0,223927.03220862235,224038.5523858176,223908.3199280326,224947.5728249036,223373,223765.39
2026-08-27 06:15:00,220155.0,224115.804718784,225558.5515374085,225544.30170225716,225182.7183871578,225236,225395.81
2026-08-27 06:30:00,221758.0,226280.44729688365,226782.7355176736,227159.30874550977,226917.36785722707,228114,226958.47
2026-08-27 06:45:00,222997.0,229822.2216381004,230445.3159264069,230361.3917246849,230491.0126141912,229725,228480.83
2026-08-27 07:00:00,223796.0,231199.83818110748,230932.08197526736,230995.14582966565,232771.393991109,230102,230238.9
2026-08-27 07:15:00,226286.0,230829.5597883419,230355.4087687769,230772.40275394224,232742.9777610988,232434,232143.02
2026-08-27 07:30:00,227233.0,233515.5628323591,233324.33647524164,232732.92004796432,233975.23980075,232331,233871.39
2026-08-27 07:45:00,227535.0,232824.31141384,232412.48460743035,232146.77181781447,233647.90674394384,231799,235399.44
2026-08-27 08:00:00,227221.0,231656.4163332933,232390.71769831527,231651.4330517033,232941.61514124708,231736,236620.56
2026-08-27 08:15:00,230680.0,231652.3123398192,232696.89698835832,234344.34712105957,233479.3689808733,234181,237454.72
2026-08-27 08:30:00,234566.0,235262.9690407384,236567.4304570339,237456.53148551472,236616.08400147152,236547,238020.56
2026-08-27 08:45:00,238281.0,238270.0337572121,238456.44608534523,238951.0656543804,240342.6230603053,239061,238819.52
2026-08-27 09:00:00,240136.0,240921.55074990552,241540.0168522588,241983.4761523516,243638.73573997556,241387,240085.9
2026-08-27 09:15:00,243859.0,243186.2942494611,244857.6054056777,245723.1619465541,246097.3078603949,244326,241667.77
2026-08-27 09:30:00,244886.0,246240.912531736,245569.1525809191,246439.09749063596,248424.9740201475,245471,243363.2
2026-08-27 09:45:00,246643.0,246744.95370712847,246721.43492928485,246976.6053507734,249035.9933737211,246955,245024.58
2026-08-27 10:00:00,245853.0,247851.2510973952,247660.80746203937,247597.0204806972,248939.81602453245,247122,246428.36
2026-08-27 10:15:00,245882.0,247396.2629930066,247075.14232992145,247527.99853272532,247501.76952152065,246963,247412.62
2026-08-27 10:30:00,245535.0,246789.13752766655,247056.37691311032,247329.1402523254,247001.00012712448,245692,247846.11
2026-08-27 10:45:00,245772.0,245054.4111675704,245579.9637363328,246113.18529393687,246122.0118045704,245448,247869.86
2026-08-27 11:00:00,245775.0,245033.15463978905,245433.43316939872,245837.60639110825,245825.2872936121,247448,247669.05
2026-08-27 11:15:00,245122.0,248016.6450310961,247397.3611185198,247579.0235704851,246937.3219003264,248354,247427.78
2026-08-27 11:30:00,244876.0,248999.73891661235,248239.31219417392,248650.7438426956,247333.67140279475,248203,247242.31
2026-08-27 11:45:00,244809.0,248265.54709564103,248062.18535035104,248555.81574804385,247401.98500332332,249382,247213.39
2026-08-27 12:00:00,245355.0,249609.27688871237,249966.48520436508,250047.379488716,248912.87415453937,248538,247204.48
2026-08-27 12:15:00,245355.0,248228.2348994684,247903.05549762768,247930.4330708454,248724.53515425057,246951,247118.0
2026-08-27 12:30:00,245444.0,246110.4824550485,246712.3325544207,246811.98177649567,247049.0772095245,245641,246875.53
2026-08-27 12:45:00,244313.0,244849.4331211113,245258.83398923057,245396.47920802588,245295.04248199303,246344,246668.33
2026-08-27 13:00:00,242429.0,246252.77713783667,245930.56571008387,244802.9022736221,245493.27271214256,244852,246575.97
2026-08-27 13:15:00,240539.0,244314.34306113588,244614.47664875237,243634.2270781477,244219.65565668928,242715,246307.95
2026-08-27 13:30:00,241558.0,241735.40422376597,242639.07164606443,243489.82103414772,242470.69014345444,243286,245786.84
2026-08-27 13:45:00,242731.0,243198.8460937437,242757.18130490743,244425.93452986167,243408.8284859388,243873,245353.84
2026-08-27 14:00:00,244466.0,244255.59120073647,243372.59323448697,244638.6065753634,245282.3915550393,244895,245057.6
2026-08-27 14:15:00,244746.0,245465.7819996213,245754.7912280068,246332.5789312523,246181.15532774068,245861,244681.77
2026-08-27 14:30:00,246449.0,246507.264595458,246026.8066240453,247319.55217733697,247449.228402552,246850,244339.33
2026-08-27 14:45:00,248571.0,247505.96747793627,246736.7768165324,247986.8485931708,248910.1134855588,248329,244192.78
2026-08-27 15:00:00,248621.0,249115.56342955705,248526.1876796745,249314.07815142453,249985.8151598737,248414,244247.2
2026-08-27 15:15:00,248379.0,248697.6499448827,248506.8553636573,248691.78981943277,250314.6041223709,247613,244443.0
2026-08-27 15:30:00,248841.0,247239.0889985357,247931.8897005213,248765.6060284287,250874.7099967828,249351,244587.83
2026-08-27 15:45:00,248711.0,249647.62427846264,250137.10377971907,250468.4234717356,252146.6484909544,249372,244557.12
2026-08-27 16:00:00,248610.0,249495.719199668,250043.51252029225,249857.16693960363,251708.6347092358,249194,244519.36
2026-08-27 16:15:00,244470.0,248838.9394356498,249977.27676632392,248004.4250388436,249730.22279190543,246593,244491.72
2026-08-27 16:30:00,243925.0,245370.4902431386,244780.39093308497,245136.4933680037,247143.2696138948,245913,244321.39
2026-08-27 16:45:00,240747.0,244942.91257682675,244326.206241342,245087.31977995788,245253.28760046372,245093,244164.1
2026-08-27 17:00:00,241714.0,244456.8349301049,243978.8030707071,244397.4468547792,244844.88670995476,244478,243991.67
2026-08-27 17:15:00,238559.0,243758.87399951488,243183.96715572133,241418.26917773348,243675.0742992308,240569,243817.77
2026-08-27 17:30:00,237522.0,238929.48081767248,239558.0972399933,239862.8023943443,239094.51419560405,237828,243277.64
2026-08-27 17:45:00,237455.0,236232.94282987207,235487.45120766628,236126.03163053023,237190.5802835288,237854,242819.08
2026-08-27 18:00:00,236334.0,237436.48325828684,237096.4172399357,236804.51662176475,236377.11173041145,237945,242547.61
2026-08-27 18:15:00,234227.0,237853.69841660903,237650.69615450784,236120.57758837115,236625.4525328652,235919,242213.1
2026-08-27 18:30:00,236166.0,235159.2275085019,235519.6141478974,237222.22790389328,236275.13818432423,237956,241425.25
2026-08-27 18:45:00,238531.0,238280.81824469625,237628.2466322909,238818.9422950216,238441.2846574516,240649,240561.94
2026-08-27 19:00:00,240155.0,242021.14030919084,241751.9111610046,242155.21197278847,240553.99160170704,242123,239948.53
2026-08-27 19:15:00,242328.0,243298.0011344881,242704.23700280415,243218.6296905664,242205.5494522424,243517,239855.48
2026-08-27 19:30:00,243207.0,244277.62957678115,243696.89303761124,243676.64776110483,243513.41079201025,243302,240261.72
2026-08-27 19:45:00,242315.0,243202.11348901244,242722.15230850695,242891.89460125403,243799.72935140188,243157,240798.94
2026-08-27 20:00:00,240332.0,242587.0786376821,242385.18204445747,242025.46805715785,243666.24043205587,241933,241093.81
2026-08-27 20:15:00,239282.0,240932.5021702784,240884.8899918934,241166.1277673949,242054.6570876798,240013,241084.11
2026-08-27 20:30:00,239275.0,238697.82779100075,239389.72500574563,239932.31786963847,239763.05975232227,240139,240917.62
2026-08-27 20:45:00,240395.0,239450.758735234,239837.80397168844,240429.5393386882,240131.99950595765,238813,240803.66
2026-08-27 21:00:00,240365.0,237979.20050020076,239113.28046769105,239242.43736903492,239286.0145465821,238343,240701.25
2026-08-27 21:15:00,241205.0,237553.89074785227,238121.47673060457,238517.16371812043,239486.60694122367,238117,240453.53
2026-08-27 21:30:00,240008.0,237539.36031470232,238136.66373625875,238483.052738767,238974.38699294205,238689,240035.2
2026-08-27 21:45:00,239243.0,238347.82323054143,239225.0498964817,239042.84165588248,239976.57847547028,239863,239537.42
2026-08-27 22:00:00,238623.0,239885.54692243595,239874.24453057657,239061.2217668258,239968.95517717875,239000,238882.48
2026-08-27 22:15:00,240358.0,238426.90637598967,239533.7238056571,239832.7491405533,240076.61286239803,240043,238309.5
2026-08-27 22:30:00,240582.0,239726.58898335503,239769.38509955292,239746.71916034905,240987.5981609623,239954,237838.89
2026-08-27 22:45:00,240035.0,239486.0059924196,239371.52497790303,239479.108986372,240802.10858561247,239426,237433.92
2026-08-27 23:00:00,238468.0,238566.07712704045,239143.5004464457,238635.32922641787,240033.4478472627,238172,236987.95
2026-08-27 23:15:00,236939.0,236977.3455957519,237961.7973013172,237471.8582802271,238693.1290636617,236824,236442.2
2026-08-27 23:30:00,235122.0,235519.4598108184,235677.86977174657,235556.20470631745,237093.8200064705,235327,235865.64
2026-08-27 23:45:00,233283.0,234005.7164888838,234378.41801291332,233990.3865556987,235436.22390819952,233985,235248.23
2026-08-28 00:00:00,231518.0,232838.0707958383,232745.6761570232,232107.34338378292,231791.78361386107,232596,234535.97
2026-08-28 00:15:00,230544.0,231507.8594696386,230876.5353899434,230949.39661997705,230419.3147237152,231143,233521.64
2026-08-28 00:30:00,229512.0,230072.76900597467,229944.7064980645,229865.63947348023,228893.31308205737,229949,232350.88
2026-08-28 00:45:00,228204.0,228989.67300070685,229074.6047264542,228511.1314007548,228043.12920552524,228195,231086.95
2026-08-28 01:00:00,226533.0,227136.28541399643,226998.86856890327,226822.8167743405,226873.97144226945,226364,229754.14
2026-08-28 01:15:00,224318.0,225243.5701968076,224806.3396060544,224897.53851097048,225640.0745109355,224385,228374.69
2026-08-28 01:30:00,222948.0,223297.34857391915,223060.09918651648,223353.57218456335,224520.7923812782,223172,226965.36
2026-08-28 01:45:00,221353.0,222366.6875605693,221735.5099186508,222477.34569821684,223491.41940773168,221794,225577.12
2026-08-28 02:00:00,220262.0,221098.2243535404,220511.0342471001,220277.2409502216,222267.0285992618,220111,224170.1
2026-08-28 02:15:00,219050.0,219338.9073219553,219064.68977094823,218882.64694541055,221021.40603466387,219249,222749.06
2026-08-28 02:30:00,218385.0,218763.408531638,218395.6033902717,218815.92960898185,220473.73698789492,218619,221370.31
2026-08-28 02:45:00,219221.0,218403.81124838963,217758.8005480609,217951.84289616512,219838.5566678557,219139,220117.56
2026-08-28 03:00:00,218153.0,219308.25082594724,218747.9192800532,218530.1645477173,219173.4111674017,217947,219040.78
2026-08-28 03:15:00,217729.0,217751.02786399613,218001.80311651505,217468.61539460663,218451.1219119036,217878,218125.72
2026-08-28 03:30:00,217215.0,217802.09949049525,217900.2533367531,217467.65963370324,218641.3393486759,217234,217459.86
2026-08-28 03:45:00,215985.0,217176.40562449745,217394.20683544685,217016.6625659924,218414.60363568456,216481,217175.03
2026-08-28 04:00:00,215265.0,216315.50703379253,216806.5903420097,216153.70923580267,217876.21628265272,215970,217139.66
2026-08-28 04:15:00,216741.0,215963.5884097168,216612.5757387306,216752.474152498,218048.21227410808,217375,217266.28
2026-08-28 04:30:00,216979.0,218102.9896149152,218016.3418378881,217983.31238940035,219139.49359061924,217424,217621.5
2026-08-28 04:45:00,216954.0,218048.28349051907,218376.4361216044,218450.26730683452,219391.85200359623,217969,218166.7
2026-08-28 05:00:00,217687.0,218577.15300503236,219254.46442762477,218741.76977156213,220214.0247483141,218582,218859.42
2026-08-28 05:15:00,219778.0,219289.3972135655,219098.79641508692,219527.22842170787,220696.0368741737,221603,219705.7
2026-08-28 05:30:00,221490.0,223357.9980177729,223104.6968770337,223481.12168128107,224905.08645759444,223473,220687.9
2026-08-28 05:45:00,222771.0,225324.2885624972,225384.09194574176,225424.325398901,228126.0429955306,224028,222097.33
2026-08-28 06:00:00,223373.0,225164.12352733745,226087.6857489964,225612.0097094208,228141.3045390322,224325,223833.55
2026-08-28 06:15:00,225236.0,224946.62201951607,226052.33107580853,226432.3498525113,226529.02303379148,225647,225591.9
2026-08-28 06:30:00,228114.0,226565.67713005803,226302.74200799435,227116.6084789209,227470.98127309576,228721,227106.67
2026-08-28 06:45:00,229725.0,230595.5736561836,231194.1455476884,230836.54903992917,231349.28581435035,230694,228524.17
2026-08-28 07:00:00,230102.0,232550.32518742827,232218.0802667748,231549.0355506305,234156.43482633904,229968,230183.31
2026-08-28 07:15:00,232434.0,230602.8071883808,230843.61951174223,230681.78008468563,232306.0114949262,230457,232096.14
2026-08-28 07:30:00,232331.0,230804.06984316147,231038.9935327925,230282.85955070812,230752.14212172572,231338,233917.08
2026-08-28 07:45:00,231799.0,231959.0833034865,232007.59299649557,230742.77119368047,230600.17659472648,230390,235177.19
2026-08-28 08:00:00,231736.0,230476.4404994782,230815.66019520548,229628.4086350639,229507.14522848887,229743,236072.45
2026-08-28 08:15:00,234181.0,229713.20969534028,230695.2341402759,232221.06731995367,228914.07939000629,232494,236690.3
2026-08-28 08:30:00,236547.0,233840.22056293048,233197.203070806,234772.2298992415,231369.11025996524,233898,237241.31
2026-08-28 08:45:00,239061.0,235541.1212731884,235473.76490093023,236638.5511475232,233398.9393789368,234964,238022.4
2026-08-28 09:00:00,241387.0,236335.5374593272,236969.69239603175,236887.35363890592,235100.32295935572,236305,239096.48
2026-08-28 09:15:00,244326.0,237620.14445745933,237801.88074783975,239311.5964012994,234631.26801656716,239995,240296.11
2026-08-28 09:30:00,245471.0,242268.93990296297,242240.14344017097,242173.55024295347,239780.0651070011,240769,241353.75
2026-08-28 09:45:00,246955.0,242421.64037807548,242551.853080431,243154.06972349185,240954.4091186321,240651,242644.33
2026-08-28 10:00:00,247122.0,241324.9481529782,241685.7841349404,242039.7755594019,239343.7816131252,240651,243924.81
2026-08-28 10:15:00,246963.0,240897.3720515131,240686.5262711776,241746.07986084308,241744.51217303213,240553,244775.03
2026-08-28 10:30:00,245692.0,240725.94542764704,240690.88782157516,241349.31852336667,242219.0678771227,241056,244867.61
2026-08-28 10:45:00,245448.0,241452.57039004756,241316.42260739676,241675.94538438309,242650.40582141696,240690,244549.92
2026-08-28 11:00:00,247448.0,240939.8825120671,240646.45209295128,241203.94895728023,243295.66220163775,240527,244140.3
2026-08-28 11:15:00,248354.0,240728.4726540031,240508.6975155009,241312.76361314912,243565.02756679757,240594,243729.64
2026-08-28 11:30:00,248203.0,240910.7013118223,240616.4315506047,241827.44311173845,243842.10147319117,240269,243316.61
2026-08-28 11:45:00,249382.0,240526.7712844361,240055.73554717333,241132.63209748437,244316.56160984523,240845,242912.47
2026-08-28 12:00:00,248538.0,241352.94945647512,240759.92484577151,241071.9603238589,244864.12109506773,239995,242494.81
2026-08-28 12:15:00,246951.0,240158.6821497572,239367.5332078,239262.6562101461,243699.2967391236,238897,242079.03
2026-08-28 12:30:00,245641.0,238784.51418745908,238929.95892914705,238658.3204569412,241790.61609603264,239081,241627.16
2026-08-28 12:45:00,246344.0,239401.4197878177,239009.65818407957,238403.6500643898,241743.0992447697,238692,241211.95
2026-08-28 13:00:00,244852.0,238991.1086265591,238969.3975133038,237665.47186873615,241181.2861832805,237337,240827.36
2026-08-28 13:15:00,242715.0,237216.83456423596,236197.87271766167,235874.5586830197,238578.38624719987,235421,240270.34
2026-08-28 13:30:00,243286.0,235096.4485073116,235736.36860708808,236185.2212889615,237265.99098938724,235407,239612.02
2026-08-28 13:45:00,243873.0,235703.53614526053,235969.03396089704,236474.02155119905,237841.37558230988,235100,239141.84
2026-08-28 14:00:00,244895.0,235632.5393359539,235799.50779196792,235985.7312455594,238373.83007916104,233688,238730.97
2026-08-28 14:15:00,245861.0,233831.7955076896,234975.1298543936,234781.7606576034,237751.99895238204,235008,238213.39
2026-08-28 14:30:00,246850.0,235930.83945814517,235903.88178268864,236416.14989312683,239545.19019805425,236407,237580.48
2026-08-28 14:45:00,248329.0,237903.539826011,238381.68340896943,237648.61733267625,241725.36060630964,236622,237005.4
2026-08-28 15:00:00,248414.0,237739.6722075146,238487.09872702084,237556.2186851613,241975.68644565667,237603,236662.98
2026-08-28 15:15:00,247613.0,238649.1989340968,239537.9705446339,238284.4531302366,242268.632018842,237859,236458.12
2026-08-28 15:30:00,249351.0,238706.57224801884,237518.9875257469,237921.06579819584,243498.02145556457,238295,236247.62
2026-08-28 15:45:00,249372.0,239034.12563753143,239529.51229288016,238733.5270620595,244198.2472733821,238675,236024.25
2026-08-28 16:00:00,249194.0,239334.5001268503,239538.7778894082,238336.72997102715,244848.34461855196,238194,235814.58
2026-08-28 16:15:00,246593.0,238418.2916671488,238088.412915824,236622.88636359008,242298.18329940244,236117,235576.56
2026-08-28 16:30:00,245913.0,235710.3884485088,235006.5810131696,234777.67908017145,239714.1638505449,234940,235181.7
2026-08-28 16:45:00,245093.0,234621.464033618,234896.54411961185,234461.0992776341,237023.3529843212,233590,234886.33
2026-08-28 17:00:00,244478.0,233423.87064938404,234196.3409950868,233712.99870615767,236419.87947599476,231327,234664.4
2026-08-28 17:15:00,240569.0,230807.2344716983,231103.7655309821,229337.2153833281,231730.3344343409,226066,234461.05
2026-08-28 17:30:00,237828.0,224614.31741099287,224364.05791144277,225491.18966828432,228491.39254206503,224603,234048.7
2026-08-28 17:45:00,237854.0,224106.99804782728,225350.3967771856,224408.09121579293,227606.95121836275,223172,233709.03
2026-08-28 18:00:00,237945.0,223372.46079402277,223133.33035336927,223270.03133139265,224626.2975262615,222562,233359.11
2026-08-28 18:15:00,235919.0,222881.36587217075,222468.89774712935,222274.97676972527,221079.2399685757,220650,232756.89
2026-08-28 18:30:00,237956.0,220762.92750229352,221143.4148119748,222655.9258898945,221384.99268522047,223643,231594.9
2026-08-28 18:45:00,240649.0,225269.6253269453,224752.90621447295,226057.03173566505,225943.878564278,226504,230416.64
2026-08-28 19:00:00,242123.0,229069.972883108,228865.08613308915,228911.15300221936,229173.3616570207,228366,229486.03
2026-08-28 19:15:00,243517.0,230648.3473549917,230984.0802228327,230913.9455847744,233078.7142362166,230961,229153.94
2026-08-28 19:30:00,243302.0,233101.43902934896,232216.7917639517,232487.168834748,235008.95132044068,232843,229449.84
2026-08-28 19:45:00,243157.0,234644.7825162801,233080.71205753967,233227.5148734881,236063.42556012727,232612,230062.34
2026-08-28 20:00:00,241933.0,233292.51420611097,232200.2430553125,231578.6783578375,234525.5705435068,231914,230804.97
2026-08-28 20:15:00,240013.0,231752.0486923766,231035.94348031617,231118.88358083897,233373.56312839975,231038,231367.39
2026-08-28 20:30:00,240139.0,230672.74450068027,230834.52560618857,230711.39215672307,232587.6133395643,230534,231538.2
2026-08-28 20:45:00,238813.0,230262.09760795356,230559.98088420607,230313.9629935796,231736.4467914947,230736,231560.44
2026-08-28 21:00:00,238343.0,230728.6226479198,230660.21111155173,230776.6493780248,231879.2426654126,230768,231499.62
2026-08-28 21:15:00,238117.0,230769.5186902025,230531.1136251321,230984.49563111636,232857.44315003575,230722,231349.9
2026-08-28 21:30:00,238689.0,230641.07444162943,230554.4739115214,231173.88873598404,232328.68194527476,230909,231079.06
2026-08-28 21:45:00,239863.0,230879.1592190508,230534.04662574845,230973.4461444893,232332.81707468224,231354,230723.7
2026-08-28 22:00:00,239000.0,231430.08901390716,230696.2044330536,231172.4813900166,231505.3341296604,229959,230338.42
2026-08-28 22:15:00,240043.0,229487.83013958327,230233.8768651374,230293.6770957751,230977.16861783335,232947,229933.38
2026-08-28 22:30:00,239954.0,233729.48239422197,232379.08542857144,232500.3192635903,233412.56759833367,233007,229530.72
2026-08-28 22:45:00,239426.0,233495.3577524001,232358.38427976184,231551.1308483877,233344.89993730717,232250,229289.0
2026-08-28 23:00:00,238172.0,231891.38889645785,231073.91523279969,230663.13813970296,232233.1676908548,231311,229037.52
2026-08-28 23:15:00,236824.0,230553.67818644445,230380.86163250767,229953.1588297656,230885.8715289279,229726,228599.17
2026-08-28 23:30:00,235327.0,228771.21882509303,228683.0573670221,228743.22842069156,228628.4178985284,227921,227905.88
2026-08-28 23:45:00,233985.0,226854.84094529905,226430.70416666663,226290.0783295004,226514.9645512648,226238,227059.27
2026-08-29 00:00:00,232596.0,224931.36179322223,224767.83183373173,223830.95575324295,226882.90890032696,224413,226033.88
2026-08-29 00:15:00,231143.0,223140.82074253767,223177.72082195876,223268.45202766685,225301.09903601487,224151,224338.75
2026-08-29 00:30:00,229949.0,223383.19679916283,222897.09954208293,223241.0255619196,224433.67182275417,223182,222430.06
2026-08-29 00:45:00,228195.0,222404.1601914189,222140.95651475937,222397.6762697289,223003.5754743433,221441,220523.61
2026-08-29 01:00:00,226364.0,220304.920667592,220332.67451671572,220186.0348035216,221387.49610892343,219548,218627.94
2026-08-29 01:15:00,224385.0,218315.38924755467,217984.98423823397,218098.3599495208,219892.2164758168,217621,216809.12
2026-08-29 01:30:00,223172.0,216450.84230498708,216285.54618560604,216174.5612963804,218379.33894368933,216754,215151.25
2026-08-29 01:45:00,221794.0,215969.0266260677,215064.97141539716,215273.0392416324,217085.09678480835,215113,213648.44
2026-08-29 02:00:00,220111.0,214269.55333050783,213888.9354900793,213310.6224028007,215376.30743535268,213532,212244.23
2026-08-29 02:15:00,219249.0,212642.0216591081,212166.7530072856,211986.11072585717,213944.75329320057,212979,210859.6
2026-08-29 02:30:00,218619.0,212498.84982127688,212120.64109134735,212505.92385753375,213265.4596904889,212644,209566.44
2026-08-29 02:45:00,219139.0,212431.19396309747,211796.82425154463,211479.1438098943,213262.5186435711,212965,208482.38
2026-08-29 03:00:00,217947.0,212951.62758100015,212534.95929838665,213039.6010435073,213352.50627078715,212095,207638.39
2026-08-29 03:15:00,217878.0,211815.20853660005,211616.3800420528,211526.6451580136,212809.016684,211625,206999.55
2026-08-29 03:30:00,217234.0,211316.7786093199,210913.27571395104,211062.80710852923,212447.28024670616,210948,206621.6
2026-08-29 03:45:00,216481.0,210677.73489500023,210337.85068479524,209965.51618367812,211722.01235128267,210017,206540.39
2026-08-29 04:00:00,215970.0,209674.3921302575,209327.62057112632,208998.47126451664,210998.2511133185,209474,206800.52
2026-08-29 04:15:00,217375.0,209317.46022845697,209720.12117276748,209708.83331305455,211127.6353100617,210658,207196.47
2026-08-29 04:30:00,217424.0,211177.38106665187,210846.4960672878,210928.6223243971,212122.5537543189,210386,207748.48
2026-08-29 04:45:00,217969.0,210726.5301802014,210982.6316548362,210937.3593625617,212147.06445192796,210401,208411.7
2026-08-29 05:00:00,218582.0,210626.9030360033,211493.33939949435,211397.74882418945,212514.77817966265,210933,209136.61
2026-08-29 05:15:00,221603.0,211415.15195241463,212397.85498538963,212465.47509736285,213611.13959118276,214075,209861.17
2026-08-29 05:30:00,223473.0,215796.1664813989,216134.567577539,215619.50218408197,216528.98556410745,215398,210690.31
2026-08-29 05:45:00,224028.0,217009.52101163933,217037.95003734823,217033.55230688836,218130.5544762802,215842,211858.8
2026-08-29 06:00:00,224325.0,216764.62618596925,217713.84407539677,217002.795600502,218616.92787218967,215567,213248.45
2026-08-29 06:15:00,225647.0,215861.24748597323,217051.73402678565,217280.62206955545,218816.54372427825,217704,214631.73
2026-08-29 06:30:00,228721.0,218797.58099385168,218787.6322588424,219205.1794961016,221195.1736091872,220399,215787.4
2026-08-29 06:45:00,230694.0,222274.86374740372,222168.8448310271,221581.29467185005,223729.63162784613,222154,216987.44
2026-08-29 07:00:00,229968.0,223835.12478745464,222898.8512461048,222354.5449952861,225317.9317507053,222440,218418.0
2026-08-29 07:15:00,230457.0,223287.9317573257,223173.46662035465,222587.4357465807,225922.6287092349,223688,219937.58
2026-08-29 07:30:00,231338.0,224448.3624304482,224945.47486932148,224405.1004988129,226786.3574196433,224782,221295.3
2026-08-29 07:45:00,230390.0,225571.14453487235,225428.68769910283,224715.2141138514,227314.18400032705,225257,222398.95
2026-08-29 08:00:00,229743.0,225783.1810104304,225650.27466832657,224556.5760452252,227619.17093292013,225552,223289.78
2026-08-29 08:15:00,232494.0,225890.6427908034,226174.9252091339,227472.9126753845,228522.69351622785,230131,224053.47
2026-08-29 08:30:00,233898.0,232141.6575112757,231669.72648066003,232249.16688179065,232373.5926259268,232881,224745.3
2026-08-29 08:45:00,234964.0,235125.58266053832,234533.08788034192,234929.1106762345,235926.137937489,235678,225918.81
2026-08-29 09:00:00,236305.0,237644.9503951375,237152.17594246037,236954.2822715904,239290.88179178376,237454,227600.0
2026-08-29 09:15:00,239995.0,238845.58480292204,239871.16122186143,240550.16147734807,240549.88281620576,242437,229628.02
2026-08-29 09:30:00,240769.0,244754.48488331307,243995.66941866468,243537.9567847569,245081.97944292743,245052,231558.9
2026-08-29 09:45:00,240651.0,247002.09663297035,246349.53498945868,245734.01500167733,247547.6771041972,247112,233688.83
2026-08-29 10:00:00,240651.0,248304.7055128406,247447.90532508917,246057.6703223,249121.46746410808,246823,235879.44
2026-08-29 10:15:00,240553.0,246677.7811652935,246620.76550166504,246007.72808891328,247318.2820113081,247297,237910.22
2026-08-29 10:30:00,241056.0,246796.39921483328,247114.96426096853,246519.35460244567,247104.73408736225,247198,239210.17
2026-08-29 10:45:00,240690.0,246482.07211913195,246623.479336536,245932.67433601868,246792.2580117813,247063,239887.22
2026-08-29 11:00:00,240527.0,246265.32537531524,246722.701336536,246046.1832148055,247036.70215962236,247115,240071.58
2026-08-29 11:15:00,240594.0,246377.26989368795,246653.918384155,246205.66638165253,247154.05413499931,247092,240071.86
2026-08-29 11:30:00,240269.0,246367.43556569857,246638.0334482576,246351.4583826978,246992.8196093417,247645,239974.92
2026-08-29 11:45:00,240845.0,247167.3772524201,247431.679557616,247408.6505876912,247604.64719551083,248841,239803.81
2026-08-29 12:00:00,239995.0,248733.0281249465,248142.70232036017,248005.61977879817,248117.7093363253,248880,239702.19
2026-08-29 12:15:00,238897.0,248450.74912773492,248044.02812591576,247791.67003704395,247664.2110615876,246866,239745.5
2026-08-29 12:30:00,239081.0,245525.12400525855,245963.0731807223,245477.47200541792,245849.54790952583,247097,239785.98
2026-08-29 12:45:00,238692.0,246192.01835817905,246437.37987364744,245787.24473105735,245909.84569037848,246803,239750.64
2026-08-29 13:00:00,237337.0,246088.02970218429,245796.140800311,244391.8203596293,245067.39722695804,244719,239707.14
2026-08-29 13:15:00,235421.0,243327.84590801128,244666.3244776066,243027.5196036381,243016.82472412023,241942,239540.06
2026-08-29 13:30:00,235407.0,240215.17115500505,240694.6297924973,241869.5743152303,241842.33301918724,242602,239199.56
2026-08-29 13:45:00,235100.0,241987.89508188237,241459.02950280797,243239.22566546168,242097.5894960367,242777,239031.34
2026-08-29 14:00:00,233688.0,242513.62119177103,241921.7759124497,242839.34281934123,241531.5897893632,243797,238867.89
2026-08-29 14:15:00,235008.0,243765.3612562894,242975.9973211576,243608.73903634175,242432.3437370117,243566,238434.73
2026-08-29 14:30:00,236407.0,243219.8857148236,242540.60353526144,243644.94388035304,242442.76318311505,245638,237918.2
2026-08-29 14:45:00,236622.0,245932.8601488228,245167.90975542,245704.85289394212,244707.0290865755,246790,237429.39
2026-08-29 15:00:00,237603.0,247162.42325126423,246158.64225078424,246352.1676073784,245883.5166928529,247469,237238.06
2026-08-29 15:15:00,237859.0,247489.7745867155,247437.94991290235,246916.23685170565,246443.02648427992,247819,237318.19
2026-08-29 15:30:00,238295.0,247474.6942852408,247804.7763190976,247567.7659860277,246472.2207215811,248300,237547.75
2026-08-29 15:45:00,238675.0,247850.81439659523,248135.2769880537,247583.1315511538,246573.56125779945,248115,237712.5
2026-08-29 16:00:00,238194.0,247370.7098811596,247639.62718356645,246741.6497770912,246250.1007508679,247685,237801.42
2026-08-29 16:15:00,236117.0,246649.4730233859,246393.19878246752,245071.48312171336,245073.2856442964,244291,237783.97
2026-08-29 16:30:00,234940.0,242370.54777253588,242111.55355007004,241940.26871766432,243190.1794613759,244230,237624.9
2026-08-29 16:45:00,233590.0,242986.4733378137,241890.1624735313,241916.04036106888,242828.01360870205,243497,237647.75
2026-08-29 17:00:00,231327.0,242562.21703180237,241559.78887576173,241333.87340573448,241604.85688830493,241600,237709.27
2026-08-29 17:15:00,226066.0,240027.92133072665,240579.1178059308,237682.69773338133,238479.5335837424,236999,237628.36
2026-08-29 17:30:00,224603.0,234550.57018814835,235591.04828648464,235161.68354531468,235660.5435387356,235640,237126.45
2026-08-29 17:45:00,223172.0,233971.70934382617,234988.577241236,234795.11159918216,234619.1051061609,234874,236738.56
2026-08-29 18:00:00,222562.0,233977.14136583687,234835.7549371464,234035.77631811544,233358.14959601403,233867,236419.33
2026-08-29 18:15:00,220650.0,232844.78016209303,234016.6048620761,232958.34403467996,230904.10687328357,233305,235965.03
2026-08-29 18:30:00,223643.0,232464.1946728878,233510.0244915616,235733.69051098631,231133.32406202093,235394,235092.03
2026-08-29 18:45:00,226504.0,235608.6613452824,236582.96675268112,237518.8706501409,233375.26535220628,238184,234255.28
2026-08-29 19:00:00,228366.0,239269.03941266,239984.06730317647,240231.67976886983,236824.8623387817,238818,233706.62
2026-08-29 19:15:00,230961.0,239303.6816557623,240233.2689539354,240854.94458387105,238290.24146389423,240549,233744.77
2026-08-29 19:30:00,232843.0,240888.46575500903,240951.1678504201,241253.9493698113,239440.5675326602,242351,234205.7
2026-08-29 19:45:00,232612.0,242727.6258190825,242032.59594590004,241089.2065354214,240455.4295256432,241999,234838.5
2026-08-29 20:00:00,231914.0,241501.45136390845,241288.9209353953,240623.1422785041,239753.80354379656,241007,235513.6
2026-08-29 20:15:00,231038.0,239705.8986890039,239821.1059255101,239767.16501296905,237945.38533972748,239544,236053.69
2026-08-29 20:30:00,230534.0,237972.42793667843,238227.68287655196,238776.09404736364,236988.8403057861,239319,236281.98
2026-08-29 20:45:00,230736.0,238111.30657050852,238250.54691542996,238716.8101348378,236523.3280148676,238377,236405.42
2026-08-29 21:00:00,230768.0,237139.27937411383,237788.57668393708,237909.69079359,235600.57475194335,238703,236411.73
2026-08-29 21:15:00,230722.0,237733.2271390637,238314.7317382384,238358.5385218953,235635.6114148252,238208,236259.9
2026-08-29 21:30:00,230909.0,237168.507211417,237760.401377096,237865.39996576644,235343.17646516743,238293,235927.81
2026-08-29 21:45:00,231354.0,237295.2878911085,237961.1152482297,237831.26508124216,235672.28673127183,237686,235524.77
2026-08-29 22:00:00,229959.0,236524.83789893167,237106.26743974385,236893.49367331277,234878.8367880274,237598,235076.06
2026-08-29 22:15:00,232947.0,236552.5344648344,237336.86902303164,237368.36672230312,235257.4224861347,238992,234588.72
2026-08-29 22:30:00,233007.0,238569.06309287425,238701.7217915088,238407.07038117532,236515.00461507955,239052,234157.56
2026-08-29 22:45:00,232250.0,238406.8709068444,238608.4783384016,237977.35875465127,236637.07165823644,238851,233824.73
2026-08-29 23:00:00,231311.0,237814.3270239315,238476.9672684013,238140.134684667,236194.76619001813,237204,233496.28
2026-08-29 23:15:00,229726.0,235573.2037520204,235762.8211595468,236349.67678580136,234726.99881450064,236166,233075.95
2026-08-29 23:30:00,227921.0,234535.27446924176,234881.15873973005,234331.2541634903,233883.74996044836,235234,232532.8
2026-08-29 23:45:00,226238.0,233765.01908844372,234022.39886514787,233705.81459240048,232900.517708501,233125,231904.22
2026-08-30 00:00:00,224413.0,231381.0146359063,232115.5233669108,231298.5635247036,227193.77312604352,231402,231158.45
2026-08-30 00:15:00,224151.0,229697.9754583025,230128.87033852964,229633.61764990297,225583.59130260663,230576,230223.05
2026-08-30 00:30:00,223182.0,229288.4588562588,228934.12829923557,228707.31974547272,224994.13151247363,229187,229235.9
2026-08-30 00:45:00,221441.0,227853.7521798121,228051.5132854368,227754.08458304935,224030.59738709105,228404,228178.44
2026-08-30 01:00:00,219548.0,227173.75113317216,226903.7523333333,227160.7916538688,223489.5963609097,226025,226956.61
2026-08-30 01:15:00,217621.0,224436.77894942244,224649.95800589136,224287.37761961523,221892.2063279318,224245,225616.02
2026-08-30 01:30:00,216754.0,222700.45651262757,222833.56361352143,223243.51171167436,220727.99970458503,223522,224266.94
2026-08-30 01:45:00,215113.0,222481.07878868596,222283.693172619,222570.42781175792,220294.50433854663,222104,222959.05
2026-08-30 02:00:00,213532.0,221001.8386323643,221008.11885912705,220386.3291007201,219468.67921680133,220200,221671.47
2026-08-30 02:15:00,212979.0,218905.9428231805,218969.44732711435,218772.58647252157,218562.80390082792,219336,220323.55
2026-08-30 02:30:00,212644.0,218398.6137727944,218295.5663104397,218705.8691360928,218207.3642972889,218404,219031.81
2026-08-30 02:45:00,212965.0,217680.8430436051,217419.58075112253,217773.6008849064,217632.0378005204,217924,217879.14
2026-08-30 03:00:00,212095.0,217334.92897136335,217505.47707664603,217242.55977800093,217595.6111086123,217669,216867.42
2026-08-30 03:15:00,211625.0,217247.03239098133,217562.93915300383,217179.8304738121,217550.24008035025,217230,215930.23
2026-08-30 03:30:00,210948.0,216786.5572483892,216925.90454649983,216862.6903762157,217550.1605726404,216661,215136.25
2026-08-30 03:45:00,210017.0,216169.364252056,216377.64851467096,216211.21945810135,217271.7334859861,216123,214495.83
2026-08-30 04:00:00,209474.0,215664.5910130065,216033.71170879257,215775.4838121704,216874.99884219628,215205,214040.1
2026-08-30 04:15:00,210658.0,214727.4394667144,215274.9348053752,214598.2641458932,215822.75213333472,215800,213782.72
2026-08-30 04:30:00,210386.0,215794.4159808868,216147.2403938492,215631.46821070387,216228.2197430127,216300,213761.05
2026-08-30 04:45:00,210401.0,216547.99442262825,216840.23501083776,216525.28298426556,216424.9037361168,216938,213887.6
2026-08-30 05:00:00,210933.0,217293.12584811784,217862.9030726274,217783.6180135556,216574.5506838216,217787,214151.66
2026-08-30 05:15:00,214075.0,218322.60009444648,218996.30719758465,218933.1062443297,217011.9772143604,219065,214610.66
2026-08-30 05:30:00,215398.0,219851.70240168463,220596.8554342769,220596.72235392788,218165.53826869008,220605,215350.34
2026-08-30 05:45:00,215842.0,221594.5535020878,221746.96964934748,221615.302176537,219412.18099311585,220402,216369.89
2026-08-30 06:00:00,215567.0,220762.3834048316,221269.78360212964,220494.27264092304,219064.4654519088,219407,217624.3
2026-08-30 06:15:00,217704.0,219150.88205600396,220215.11708203607,220548.24478526972,218101.6188288842,219361,218870.33
2026-08-30 06:30:00,220399.0,219358.44704089535,220101.5142829936,220735.48278660825,217987.6701723776,221093,219962.72
2026-08-30 06:45:00,222154.0,221975.5560582088,221676.25195890383,221857.1825842201,219464.19604418508,220914,220993.38
2026-08-30 07:00:00,222440.0,221488.27640728047,221422.2004777996,221148.95222941044,219356.84890381407,221078,222053.97
2026-08-30 07:15:00,223688.0,221460.84099745724,221587.62106943107,221177.9882208584,219757.04676357412,222082,223024.11
2026-08-30 07:30:00,224782.0,222780.20419914275,222510.02504709756,221854.3212204409,220659.62664028828,222194,223863.23
2026-08-30 07:45:00,225257.0,222765.38165006763,222350.26401481035,221505.06172928217,220644.39557949692,222868,224562.6
2026-08-30 08:00:00,225552.0,223495.54479097863,223006.6600538864,222386.3350236083,221041.7480329048,223369,225145.86
2026-08-30 08:15:00,230131.0,224107.860846853,224753.75739321928,225925.80087434468,222329.9497226281,227151,225642.19
2026-08-30 08:30:00,232881.0,229253.2884138266,228648.08576097517,229595.34744532988,225619.30561910683,229926,226171.92
2026-08-30 08:45:00,235678.0,232387.466743934,231618.40139049463,232329.07239311095,228172.33344472345,232142,227220.9
2026-08-30 09:00:00,237454.0,234246.9843398562,234373.68869490232,234184.09931826167,230593.0336569168,233796,228787.8
2026-08-30 09:15:00,242437.0,235460.59781427556,235828.37477519765,236809.8101487739,232599.3888175918,237436,230628.44
2026-08-30 09:30:00,245052.0,239663.37299116325,240275.20633225105,239544.75287522795,235556.08047594025,238511,232408.77
2026-08-30 09:45:00,247112.0,240100.1644607798,240300.65325396825,240089.72199798352,236432.351316606,240055,234252.03
2026-08-30 10:00:00,246823.0,241219.4269220137,241423.1414044567,240611.05149867927,237468.02656113697,239799,235951.12
2026-08-30 10:15:00,247297.0,240135.8488815228,240117.4847793929,239744.34392814108,237094.38716051407,239588,237361.67
2026-08-30 10:30:00,247198.0,239534.37426026384,239450.93045708167,239290.05331055736,236969.12904293375,239821,238156.83
2026-08-30 10:45:00,247063.0,239843.2787964237,239039.7095417451,239137.5538158276,236897.38751214152,240567,238499.31
2026-08-30 11:00:00,247115.0,240891.42633693185,240609.4203135325,240672.70535426785,237350.44711320903,240755,238501.66
2026-08-30 11:15:00,247092.0,240997.30913537485,240723.91228564372,240672.70535426785,237459.24093167507,240794,238440.5
2026-08-30 11:30:00,247645.0,240875.58905870203,240690.8533750127,240903.85053684897,237414.825655154,241438,238376.58
2026-08-30 11:45:00,248841.0,241704.637434896,241517.392471579,241726.5240172438,238000.5858343081,241504,238274.81
2026-08-30 12:00:00,248880.0,241668.47480557987,241674.76979334187,241647.4526172536,237795.2424088101,241269,238186.78
2026-08-30 12:15:00,246866.0,241171.05439035525,241097.63007137115,240938.27102228408,237113.70031723595,239147,238070.14
2026-08-30 12:30:00,247097.0,238459.21608710545,239009.40146510556,238841.29182172037,235454.49709285147,239131,237832.84
2026-08-30 12:45:00,246803.0,238892.806583524,239128.7687854091,239050.1493893653,235140.27970552407,238991,237695.84
2026-08-30 13:00:00,244719.0,239035.9319410233,239073.41799667024,237335.71456313704,234386.40372726312,237919,237580.75
2026-08-30 13:15:00,241942.0,237550.5792203281,236875.73027910115,236022.3064168056,232945.94122538008,236059,237309.88
2026-08-30 13:30:00,242602.0,235403.2185282556,235980.9769703852,236169.18455147868,231473.3449134911,236484,236722.62
2026-08-30 13:45:00,242777.0,236511.25312287087,236959.07175993783,237096.0159653135,231534.9771055549,237329,236226.02
2026-08-30 14:00:00,243797.0,237877.05602975265,237062.48658950964,237731.10881780504,231881.52474172207,236479,235767.6
2026-08-30 14:15:00,243566.0,236501.95242343325,236516.3049796667,237049.3050981708,231955.39853413028,236868,235250.95
2026-08-30 14:30:00,245638.0,237034.34331326507,236645.1216240089,237673.21594203057,232769.7636918452,237890,234659.61
2026-08-30 14:45:00,246790.0,238507.3979663769,237404.06665610344,238400.4751511897,233399.19967608413,239079,234144.83
2026-08-30 15:00:00,247469.0,239936.2125873128,240177.13375132385,239593.13892536968,234193.18397964365,238878,233803.02
2026-08-30 15:15:00,247819.0,239218.13076743303,240000.69856658092,239146.0127199857,234308.41874697385,238837,233735.2
2026-08-30 15:30:00,248300.0,238884.43333355576,239137.56718267087,239080.7903613924,234873.74338215124,240167,233735.34
2026-08-30 15:45:00,248115.0,240675.1316026497,240614.9959368784,240742.7640174835,235702.109597962,239731,233662.02
2026-08-30 16:00:00,247685.0,239827.9832543682,239073.40335384308,238503.220620338,235387.5429629061,238494,233632.72
2026-08-30 16:15:00,244291.0,237921.83718940557,238245.3694467185,236555.83072588115,233836.74059023717,234779,233583.7
2026-08-30 16:30:00,244230.0,233410.4461768503,234346.6172560615,233974.03926247224,230694.66623102163,234892,233405.48
2026-08-30 16:45:00,243497.0,234460.08026532055,234440.4810180772,234032.14112995012,230445.03973791312,234017,233417.34
2026-08-30 17:00:00,241600.0,233847.68763616783,234083.197075476,233276.27756434344,229359.01471265985,232236,233433.33
2026-08-30 17:15:00,236999.0,231449.1065643592,232077.12020353496,229809.26218378596,227132.0098775141,227002,233201.64
2026-08-30 17:30:00,235640.0,225167.48076800705,225742.8594847,226605.5090278686,223144.57378195305,225503,232489.23
2026-08-30 17:45:00,234874.0,224509.07289212625,225086.04725878165,224910.75038732996,221978.3116093189,224361,231922.39
2026-08-30 18:00:00,233867.0,224147.47337205912,225292.8712451982,223973.71721983372,220400.6377364273,223413,231442.39
2026-08-30 18:15:00,233305.0,223194.10534797184,224032.3759814156,223226.55945146148,219621.70643577728,222538,230837.4
2026-08-30 18:30:00,235394.0,222438.25044908217,222612.68483005997,224792.63969831527,219818.1896642375,225358,229816.95
2026-08-30 18:45:00,238184.0,226616.3534738517,226361.7137733501,227376.241827197,222812.9309882069,228169,228803.14
2026-08-30 19:00:00,238818.0,230202.91809018588,230869.70734783277,230992.3134515531,224972.1495018103,229734,228097.64
2026-08-30 19:15:00,240549.0,231376.696711409,231438.45937759452,232055.4765848246,226985.9799599136,232396,227984.69
2026-08-30 19:30:00,242351.0,234042.08395866395,233300.35163095235,233536.480487462,229414.53949271588,233966,228424.3
2026-08-30 19:45:00,241999.0,235204.91605462693,235436.30146120687,234537.56340794827,230544.6696539929,233646,229233.69
2026-08-30 20:00:00,241007.0,233805.43325371412,234588.28393054177,233192.1376466792,230423.06025746829,232372,230151.84
2026-08-30 20:15:00,239544.0,231592.7927275764,231504.86998448664,231393.7751843256,229526.84389915192,231058,230897.36
2026-08-30 20:30:00,239319.0,230118.33232739576,230855.73161643517,230857.01886737387,228135.5596599035,231067,231252.44
2026-08-30 20:45:00,238377.0,230563.11561300704,230976.78597967964,230813.55764324905,228047.38543168057,231720,231468.0
2026-08-30 21:00:00,238703.0,231611.36377344315,231494.62279409924,231812.75794376468,228813.21251961816,231550,231528.06
2026-08-30 21:15:00,238208.0,231217.32746375547,230684.28081179675,231138.15643659528,228804.06578399596,231806,231392.55
2026-08-30 21:30:00,238293.0,231445.3602270521,231196.64080810605,231924.85057180183,228997.5502069325,232667,231080.17
2026-08-30 21:45:00,237686.0,232554.87338143107,231384.28377700003,231926.9726091095,229465.5756060192,232586,230702.02
2026-08-30 22:00:00,237598.0,232216.7089994891,231215.30750234492,231848.07159231536,229083.89672226424,231882,230338.0
2026-08-30 22:15:00,238992.0,231127.9926804796,230709.28472979303,232347.00879138388,229227.00930753583,232765,229933.42
2026-08-30 22:30:00,239052.0,232409.46704992367,231503.73936970904,232161.42581025208,229724.9666331647,232580,229522.12
2026-08-30 22:45:00,238851.0,232100.1415167444,231073.1033363859,230973.07965892515,229332.74198868047,231943,229083.33
2026-08-30 23:00:00,237204.0,231085.02077049372,230666.34932973463,230426.30362953615,228440.9594684381,230591,228557.89
2026-08-30 23:15:00,236166.0,229429.00573016328,229484.0781228988,229454.16711549752,226640.65276388577,229439,227885.22
2026-08-30 23:30:00,235234.0,228271.90266199695,227930.44707169227,228016.87409349272,225140.55646075765,227673,227118.9
2026-08-30 23:45:00,233125.0,226376.80908464032,226193.4136757703,226148.3216135167,223311.30155403537,225778,226244.06
2026-08-31 00:00:00,231402.0,224787.02218491372,224589.4827750625,224103.5533071105,225613.7588539021,223749,225203.3
2026-08-31 00:15:00,230576.0,222795.95868040505,222343.192829816,222548.2106228049,223781.7753779393,223386,224394.67
2026-08-31 00:30:00,229187.0,222983.15362347045,221884.34706493508,222509.08079447964,222452.3374945448,222518,223513.39
2026-08-31 00:45:00,228404.0,222201.6744245664,221358.11101818652,220862.21459250484,221098.62441571293,220854,222376.81
2026-08-31 01:00:00,226025.0,220177.73543984976,219400.047144958,219692.15939535864,219214.1906801401,219653,220959.02
2026-08-31 01:15:00,224245.0,219051.21480178743,218102.55095992895,218154.1878990116,217810.6318663065,217869,219330.95
2026-08-31 01:30:00,223522.0,217233.80238885613,216307.24763157676,216242.08707427932,216058.53150806748,216473,217671.12
2026-08-31 01:45:00,222104.0,215920.85395229,215119.0217713744,215248.09223438727,214658.8829205877,215302,216065.78
2026-08-31 02:00:00,220200.0,214923.4670575872,213959.32391071424,213877.9430693148,213510.31753457428,214069,214495.98
2026-08-31 02:15:00,219336.0,213745.54037738376,212631.6582603858,212477.16891983667,212265.9821590093,213439,212980.72
2026-08-31 02:30:00,218404.0,213333.84962424796,212240.21136961068,212759.0435895048,211490.80676574635,212908,211516.03
2026-08-31 02:45:00,217924.0,212957.6265107093,212137.8807316602,212792.3854460096,211416.55898764904,213010,210269.58
2026-08-31 03:00:00,217669.0,213275.42378331957,212520.37756424065,212999.74183380572,212510.98063028356,212472,209423.77
2026-08-31 03:15:00,217230.0,212633.0768445439,212000.192297235,211846.79875965716,212429.3467243139,212690,208809.16
2026-08-31 03:30:00,216661.0,212997.45408615415,212295.68532874764,211831.01880606796,213119.91463738805,211613,208455.05
2026-08-31 03:45:00,216123.0,211657.2337369863,210934.7506298008,211209.37016488367,211525.3541360561,210551,208362.8
2026-08-31 04:00:00,215205.0,210451.6966588575,210161.00989244264,210054.35679778983,210697.72944376688,210195,208590.08
2026-08-31 04:15:00,215800.0,210423.72588393828,209879.79742849685,210397.6993585436,210562.6914960968,211517,209157.73
2026-08-31 04:30:00,216300.0,212458.31003273017,211973.2000341117,212219.12261314716,212217.5530516481,212592,209944.69
2026-08-31 04:45:00,216938.0,213826.25227948788,212860.0749517496,212949.95482269936,213484.27591027252,212942,210837.03
2026-08-31 05:00:00,217787.0,213918.7250525493,214334.5427670469,214611.8409440103,214107.51412995407,214113,211873.56
2026-08-31 05:15:00,219065.0,215232.1620436129,215595.70674881912,215545.40061145875,215322.5262552892,216368,213064.03
2026-08-31 05:30:00,220605.0,218087.8549479805,218302.8999791736,218604.45037748368,217580.1917929061,218326,214408.56
2026-08-31 05:45:00,220402.0,220177.7966419184,219773.67125368715,219815.42157864667,220412.3823081017,220162,216053.53
2026-08-31 06:00:00,219407.0,221856.03504057467,221780.6721972528,221359.7044820957,222524.6796147528,220692,217961.22
2026-08-31 06:15:00,219361.0,221757.77975257376,222178.1660942702,222401.41679079577,221558.6192267245,222610,219921.42
2026-08-31 06:30:00,221093.0,223888.97496398308,223984.14575381108,224553.06618375695,223144.89205188068,224725,221768.4
2026-08-31 06:45:00,220914.0,226297.2312763238,226177.053253505,226263.40321576357,225011.76133602025,226667,223705.08
2026-08-31 07:00:00,221078.0,228236.6603025172,227786.87973124092,227538.58861972624,227866.03000492597,228190,225688.34
2026-08-31 07:15:00,222082.0,229508.06623993043,230200.6116965805,229695.0527413372,228729.99625986195,230216,227757.81
2026-08-31 07:30:00,222194.0,231551.76285386516,230377.34565296967,230717.80592708944,230118.8938130598,230990,229753.08
2026-08-31 07:45:00,222868.0,231877.80329075345,232455.74844561532,230857.24877355716,230572.34229214097,231340,231629.9
2026-08-31 08:00:00,223369.0,231756.7365058433,232857.04011798493,231015.30726521567,231676.9700865491,231193,233360.38
2026-08-31 08:15:00,227151.0,231308.78223475616,232442.56185478307,233611.68849046028,233057.9374057133,235289,234730.08
2026-08-31 08:30:00,229926.0,237043.8582604832,237442.7225671963,237722.1155714583,235393.70293862585,237837,235735.1
2026-08-31 08:45:00,232142.0,239953.3711737932,239383.9864388944,239824.5035084106,239861.1768258507,241031,237167.4
2026-08-31 09:00:00,233796.0,243189.7673102981,243473.599452381,242718.07085372013,245048.65481788616,242588,239045.89
2026-08-31 09:15:00,237436.0,244112.61742648145,244092.09122692255,245829.7202778645,245258.36935883664,248504,241259.2
2026-08-31 09:30:00,238511.0,251312.61385235272,248594.7508055556,249140.17605207785,252981.07148509083,249541,243294.45
2026-08-31 09:45:00,240055.0,251266.30592852365,249469.03111111108,249738.3834451083,253745.22860039107,251261,245636.7
2026-08-31 10:00:00,239799.0,252194.01559614044,251917.91163636363,251391.88971288985,254875.47402231809,251076,247797.36
2026-08-31 10:15:00,239588.0,250987.5665378744,251943.26330303028,251668.45581767496,252462.4363177506,250889,249513.53
2026-08-31 10:30:00,239821.0,250382.96113147456,251047.62163636368,250763.0014651051,252544.52011567084,251099,250193.2
2026-08-31 10:45:00,240567.0,250644.40428832,251633.0715,251042.7838746973,253229.07863883383,250849,250287.39
2026-08-31 11:00:00,240755.0,250330.48641867508,251032.07258333336,250546.71088383856,253055.10449569704,251256,249972.9
2026-08-31 11:15:00,240794.0,250915.56555299115,251672.72066666663,251111.5254593185,253410.48001476785,249563,249482.8
2026-08-31 11:30:00,241438.0,248720.26013661083,248999.20650129736,249527.498774674,251396.63119359117,250878,248961.05
2026-08-31 11:45:00,241504.0,250747.52895005007,251007.17385858588,250865.6561525764,252723.82557314652,250612,248564.98
2026-08-31 12:00:00,241269.0,250458.86027324185,250916.6221919192,250666.12563063705,252378.75784654776,249904,248234.78
2026-08-31 12:15:00,239147.0,249300.70352931743,249243.87267857147,248997.7783086303,251397.3728727889,248468,247881.94
2026-08-31 12:30:00,239131.0,247597.8252555488,248149.78546027583,247453.32172000624,249516.4304249597,247391,247359.8
2026-08-31 12:45:00,238991.0,246612.11115945748,247102.8866152592,246823.8270933212,248155.30462337585,247714,246922.4
2026-08-31 13:00:00,237919.0,247462.71500492303,247519.20094913428,246118.7036762421,248329.90217741652,245380,246539.81
2026-08-31 13:15:00,236059.0,244489.99450422317,244875.4545558093,243455.8982934405,245540.8206049548,242453,246021.06
2026-08-31 13:30:00,236484.0,241126.57201569976,240999.17898342383,242520.33968418973,244177.5315223798,243021,245357.25
2026-08-31 13:45:00,237329.0,242876.8028030491,241628.0841568616,243591.4825795621,244656.0299837053,243716,244892.34
2026-08-31 14:00:00,236479.0,244143.8480192598,242080.94974552776,243919.6296410132,243850.04470310456,244339,244519.55
2026-08-31 14:15:00,236868.0,244759.58646043928,243569.4187022107,244406.7915356888,244990.39629211964,244080,243874.08
2026-08-31 14:30:00,237890.0,244145.6297620083,242861.4988891201,244432.00303575103,245681.54399716447,246389,243091.81
2026-08-31 14:45:00,239079.0,247259.5224163424,246091.00936486843,246802.2948683255,247133.9246695688,247392,242334.78
2026-08-31 15:00:00,238878.0,248250.2965635618,247377.1490081405,247700.1572321732,248426.2876407316,247771,241941.36
2026-08-31 15:15:00,238837.0,248144.8524830032,248071.33281314524,247963.80679501785,248983.96616315952,248441,241846.48
2026-08-31 15:30:00,240167.0,248639.8199907449,248518.4169918624,248191.93883834785,250266.47008900865,250201,241893.44
2026-08-31 15:45:00,239731.0,250806.53145905008,249435.3493326465,249713.5872940145,251421.7242124296,250924,241865.67
2026-08-31 16:00:00,238494.0,251302.82106573245,250968.82875,250402.07493001185,251884.365063474,250423,241969.17
2026-08-31 16:15:00,234779.0,249995.0832397144,250486.97686538455,248647.93677690096,251030.7707297332,249283,242161.97
2026-08-31 16:30:00,234892.0,248316.9299642227,249453.49516895603,247578.86566164708,250253.57068400664,250243,242129.1
2026-08-31 16:45:00,234017.0,249854.25646957583,249072.63266895604,247560.11513340584,250961.5868807443,249823,241954.92
2026-08-31 17:00:00,232236.0,249251.43221949923,249119.78353205125,247326.219397882,250387.39194978095,248145,241777.73
2026-08-31 17:15:00,227002.0,246838.24166263867,245849.3817820513,243509.52384499533,247272.34288950116,243374,241511.34
2026-08-31 17:30:00,225503.0,241049.4344343864,241690.5358205496,241718.47136685767,245577.8336210332,241570,241117.31
2026-08-31 17:45:00,224361.0,239895.86892327064,240259.78669117443,240292.2091394585,244757.8567075282,240801,241072.52
2026-08-31 18:00:00,223413.0,240010.3169090874,239469.6714242089,239670.4998218516,242748.04050167065,240503,241180.72
2026-08-31 18:15:00,222538.0,239904.3209020368,238760.59861695243,239237.231164344,239017.04167042105,238056,241093.97
2026-08-31 18:30:00,225358.0,236941.5152073615,237138.92886707085,239417.09824020255,237440.25611302027,239003,240464.22
2026-08-31 18:45:00,228169.0,238757.3922101461,237663.08021504627,240059.128043226,238338.1209267456,239371,239833.02
2026-08-31 19:00:00,229734.0,239510.0243230556,238011.57408333628,240258.89787878568,238653.55706590644,240587,239361.83
2026-08-31 19:15:00,232396.0,240995.01392626303,240790.37303728735,241445.7310639393,240447.67818886344,241867,238988.97
2026-08-31 19:30:00,233966.0,242438.95949061637,241270.6141367865,241554.11362843757,242269.07008670157,242232,238820.22
2026-08-31 19:45:00,233646.0,242420.43923434772,241187.99884746116,241276.95282065385,242665.94157714228,241609,238908.64
2026-08-31 20:00:00,232372.0,241115.0091110425,240967.32376836988,240612.0246466972,241250.85792108308,239827,239053.8
2026-08-31 20:15:00,231058.0,238732.27857143307,238126.98987117823,238541.474344464,239655.689198317,237850,238988.12
2026-08-31 20:30:00,231067.0,236614.1920334049,237107.4201631956,237490.13581227732,238609.18532191156,237857,238794.72
2026-08-31 20:45:00,231720.0,237301.45004380023,237302.15499866297,237410.62841429256,238429.32280148365,237601,238633.81
2026-08-31 21:00:00,231550.0,237243.17125341203,237151.25064861297,237254.2300977361,237294.7522447593,236484,238359.89
2026-08-31 21:15:00,231806.0,235769.85605466223,236367.9234297047,236205.4088258279,235950.22102008,237532,237809.86
2026-08-31 21:30:00,232667.0,237418.45055241612,236987.5720887158,237298.27148255703,237039.991855814,236675,237022.48
2026-08-31 21:45:00,232586.0,236258.1445794161,236459.0225984928,236368.5271897142,236219.1283782125,236802,236222.38
2026-08-31 22:00:00,231882.0,236369.9406945212,236365.96235790604,236130.0484359316,236452.90461930388,237492,235376.23
2026-08-31 22:15:00,232765.0,237409.13201617455,237098.53809726515,237700.79051314143,237179.7813953051,238025,234488.77
2026-08-31 22:30:00,232580.0,237994.3986943105,238278.36298257677,238248.3993586577,237693.73636151053,237868,233691.47
2026-08-31 22:45:00,231943.0,237511.44550632755,236680.3580011253,236959.5783784961,237523.87961814352,237525,232980.31
2026-08-31 23:00:00,230591.0,236877.29960567612,236151.63800607077,236603.61029705184,237090.9287610835,235035,232268.45
2026-08-31 23:15:00,229439.0,233727.79573560687,233640.25698085944,234168.08450834843,234455.69115309985,233059,231444.75
2026-08-31 23:30:00,227673.0,231672.77488483957,232255.99268238703,231512.1104317885,232997.34010836427,231738,230679.73
2026-08-31 23:45:00,225778.0,230718.9549334313,230272.48350627307,230623.22030822403,231457.77499780396,230657,229922.42
