time,weighted_temperature_2m,weighted_relative_humidity_2m,weighted_apparent_temperature,weighted_precipitation,weighted_wind_speed_10m,weighted_CDD
2026-08-01 00:00:00,26.351492999999998,86.733176,30.5788833,0.1062761,13.266717299999998,4.351492999999998
2026-08-01 01:00:00,25.969985200000004,89.649922,30.236559000000003,1.0370451,13.3231413,3.9699852000000035
2026-08-01 02:00:00,25.7044264,89.944212,29.8703267,0.1101467,13.520415299999998,3.704426399999999
2026-08-01 03:00:00,25.474374,90.80531900000001,29.4625783,0.1561605,13.9563444,3.474374000000001
2026-08-01 04:00:00,25.521042199999997,90.760843,29.570292700000007,0.5910001,13.710255700000001,3.5210421999999966
2026-08-01 05:00:00,25.495055400000002,92.67278400000001,29.776483,0.1968994,13.275401200000001,3.495055400000002
2026-08-01 06:00:00,25.7167814,90.19384000000001,29.8185359,0.5035739,13.7640732,3.7167813999999986
2026-08-01 07:00:00,26.0179756,88.153276,30.030892899999998,0.3692101,14.249024399999998,4.0179756
2026-08-01 08:00:00,26.554843400000003,85.72823700000001,30.2392411,0.21246489999999998,16.5008592,4.554843400000003
2026-08-01 09:00:00,27.907661700000002,78.770649,31.7336174,0.19461469999999997,15.872447799999998,5.907661700000002
2026-08-01 10:00:00,28.8034071,74.695611,32.6569886,0.2513418,16.4943504,6.803407100000001
2026-08-01 11:00:00,28.4488285,76.799348,33.0834378,0.3429271000000001,15.1433132,6.448828500000001
2026-08-01 12:00:00,29.2298176,73.68944900000001,33.889107599999996,0.6502621999999999,14.4511991,7.2298176000000005
2026-08-01 13:00:00,29.1005754,72.806589,33.1991283,0.8702222,15.886655600000003,7.1005754
2026-08-01 14:00:00,29.3733783,71.63225700000001,33.2161329,0.29041639999999996,15.508241700000001,7.373378299999999
2026-08-01 15:00:00,28.513389299999996,75.334472,32.077503,0.8702009,16.2830552,6.5133892999999965
2026-08-01 16:00:00,28.530865900000002,78.090453,32.8106808,0.5644316,14.1421788,6.530865900000002
2026-08-01 17:00:00,28.759159800000003,75.71388599999999,32.751660599999994,0.8299144999999999,15.292708700000002,6.759159800000003
2026-08-01 18:00:00,27.5348367,83.808301,32.226719100000004,1.6022764,12.314266400000001,5.5348367
2026-08-01 19:00:00,27.2366791,84.669078,31.8831624,1.2738853,12.1999966,5.2366791
2026-08-01 20:00:00,26.9493958,86.90026200000001,31.636748700000002,0.26376900000000003,12.7005199,4.949395800000001
2026-08-01 21:00:00,26.950127100000003,86.845186,31.530516500000004,0.0557894,13.243651100000001,4.950127100000003
2026-08-01 22:00:00,26.684511000000004,86.24364700000001,30.9664873,0.0586134,13.7690435,4.684511000000004
2026-08-01 23:00:00,26.433374399999998,85.20570000000001,30.1431829,0.0293067,15.5994355,4.433374399999998
2026-08-02 00:00:00,26.094754499999997,86.55076200000002,29.8444803,0.0681382,15.0114834,4.094754499999997
2026-08-02 01:00:00,25.876807799999998,87.62168199999999,29.8672065,0.16293870000000002,13.606459300000001,3.876807799999998
2026-08-02 02:00:00,25.7682708,88.38721100000001,29.9075135,0.24979210000000002,12.7864348,3.7682708
2026-08-02 03:00:00,25.4750227,90.083105,29.852499300000005,0.16329790000000002,11.4560984,3.4750227000000002
2026-08-02 04:00:00,25.5769864,90.19158,29.922511899999996,0.06319469999999999,11.814091399999999,3.576986399999999
2026-08-02 05:00:00,25.665709500000002,91.84760700000001,30.095696299999997,0.1049725,12.953481499999999,3.665709500000002
2026-08-02 06:00:00,25.471614000000002,91.967575,29.635459799999996,0.3132855,13.8876726,3.4716140000000024
2026-08-02 07:00:00,25.9697272,89.732593,30.3616902,0.1946209,12.546144700000001,3.9697272000000012
2026-08-02 08:00:00,27.0987305,85.349475,31.557084800000002,0.2872394,13.3630885,5.0987304999999985
2026-08-02 09:00:00,27.8971823,80.437095,32.2176093,0.6538376000000001,14.047845000000002,5.897182300000001
2026-08-02 10:00:00,29.079538,75.20647399999999,33.9571009,0.6533179,12.5262882,7.079537999999999
2026-08-02 11:00:00,29.599414199999995,71.217957,34.3732174,1.0032529,13.607293399999998,7.599414199999995
2026-08-02 12:00:00,30.5269934,67.567484,35.8099337,1.7387965,14.277324599999998,8.526993399999999
2026-08-02 13:00:00,29.838074600000002,68.615026,34.203257199999996,1.6469919000000002,13.8154761,7.838074600000002
2026-08-02 14:00:00,29.8374383,70.074643,34.19417270000001,1.0337265,13.3212643,7.837438299999999
2026-08-02 15:00:00,29.6305239,71.63761500000001,34.054337999999994,0.7536518,12.024489699999998,7.6305239
2026-08-02 16:00:00,29.8231682,70.56547199999999,33.9927272,0.7300886,12.9132562,7.823168200000001
2026-08-02 17:00:00,28.103958399999996,78.07646600000001,32.3683556,0.1821498,11.9764028,6.103958399999996
2026-08-02 18:00:00,27.717194000000003,80.93021300000001,32.2221086,0.22684089999999998,12.055551300000001,5.717194000000003
2026-08-02 19:00:00,26.7200505,84.91648500000001,31.246852099999998,0.39740620000000004,10.910572499999999,4.720050499999999
2026-08-02 20:00:00,26.5582685,87.796738,31.289646199999996,0.5633623999999999,11.1214535,4.5582685000000005
2026-08-02 21:00:00,26.255037400000003,88.901693,31.2411584,0.2536647,9.415772000000002,4.255037400000003
2026-08-02 22:00:00,26.099091700000002,90.224883,31.2098421,0.23162960000000002,8.8617203,4.0990917000000024
2026-08-02 23:00:00,26.3488466,92.210324,31.592324300000005,0.40019820000000006,10.6616697,4.348846600000002
2026-08-03 00:00:00,26.2160925,92.194919,31.5656806,0.297303,9.1661942,4.2160924999999985
2026-08-03 01:00:00,25.919088900000002,92.891644,30.9477396,1.0989776999999998,10.7174529,3.919088900000002
2026-08-03 02:00:00,25.865475800000002,92.483181,30.6949687,0.18247700000000003,11.5985484,3.8654758000000022
2026-08-03 03:00:00,25.6043403,92.77022,30.556119099999997,0.1311352,9.767180999999999,3.6043403000000005
2026-08-03 04:00:00,25.277428699999998,93.940692,30.0415186,0.6073727999999999,10.4660369,3.277428699999998
2026-08-03 05:00:00,25.7027678,93.452825,30.727326400000003,0.4852149,10.356231,3.7027678
2026-08-03 06:00:00,25.733890100000004,93.54935800000001,30.9786074,0.6060831,8.9406286,3.7338901000000035
2026-08-03 07:00:00,26.218378700000002,91.531497,31.5629288,0.3157612,8.8401141,4.218378700000002
2026-08-03 08:00:00,26.805942599999998,86.38989000000001,32.0374736,0.7700931999999999,7.768013400000001,4.805942599999998
2026-08-03 09:00:00,28.0001795,80.22633900000001,33.0515998,0.17012100000000002,9.0871129,6.0001795000000016
2026-08-03 10:00:00,28.8894037,75.96580600000001,33.814385200000004,0.20748319999999998,9.986589999999998,6.889403699999999
2026-08-03 11:00:00,29.597180100000003,72.324487,34.510633899999995,0.31041240000000003,11.5611593,7.597180100000003
2026-08-03 12:00:00,29.881554300000005,70.348433,35.312673999999994,0.46925180000000005,12.5525064,7.881554300000005
2026-08-03 13:00:00,29.256890400000003,74.198216,34.4677462,1.4525586,12.5664416,7.256890400000003
2026-08-03 14:00:00,28.810447999999997,74.416282,33.3276112,1.0246011,13.526785699999998,6.810447999999997
2026-08-03 15:00:00,28.0846943,80.536285,33.1205918,0.8574748,9.5773853,6.084694299999999
2026-08-03 16:00:00,27.8056935,81.651815,32.8330843,0.7863739000000001,9.178033399999999,5.8056935
2026-08-03 17:00:00,29.228173899999994,75.03384600000001,34.056430399999996,0.3189556,10.700252400000002,7.2281738999999945
2026-08-03 18:00:00,27.6450698,82.924029,32.6978468,0.5743441,10.0439599,5.645069800000002
2026-08-03 19:00:00,27.003481299999997,86.459051,32.1994987,1.0586471,8.8587703,5.003481299999997
2026-08-03 20:00:00,26.566657399999997,86.85668100000001,31.348035099999997,0.6891882,10.501085400000001,4.566657399999997
2026-08-03 21:00:00,26.076706599999998,88.79072500000001,31.244374600000004,1.1196933,7.644049299999999,4.076706599999998
2026-08-03 22:00:00,26.021179400000005,90.567685,31.2233469,0.8953906,8.2600747,4.021179400000005
2026-08-03 23:00:00,26.0133613,91.7901,31.2505113,0.3810662,8.8649266,4.0133613
2026-08-04 00:00:00,25.8656641,91.50506299999999,30.7907486,0.5646950000000001,10.187293800000003,3.8656641
2026-08-04 01:00:00,25.7646433,90.44395899999999,30.5200672,0.3158329,9.7655232,3.7646432999999995
2026-08-04 02:00:00,25.2357665,92.87836500000002,30.102769199999997,0.3767372,8.712198599999999,3.2357665000000004
2026-08-04 03:00:00,25.2071519,94.601926,30.3141798,0.1803756,8.1010976,3.2071518999999995
2026-08-04 04:00:00,24.809739,95.191007,29.8255914,0.520151,8.1548013,2.8097390000000004
2026-08-04 05:00:00,25.3193531,93.33793,29.9477932,1.1793528,11.3210268,3.3193531000000007
2026-08-04 06:00:00,25.286278499999998,93.40673400000001,29.9194815,0.5469852,10.986140299999999,3.286278499999998
2026-08-04 07:00:00,25.8700224,89.786957,30.7848669,0.38393810000000006,8.6183644,3.8700224
2026-08-04 08:00:00,26.837381700000005,84.161958,31.418423999999998,0.24784130000000001,10.481445800000001,4.837381700000005
2026-08-04 09:00:00,27.981252200000004,77.98339399999999,32.5604836,0.1671427,10.5476156,5.981252200000004
2026-08-04 10:00:00,28.644775100000004,74.909847,33.4774338,0.27202220000000005,9.619986099999998,6.644775100000004
2026-08-04 11:00:00,28.356031700000003,77.63061199999999,33.301762100000005,0.48997310000000005,10.808277700000001,6.356031700000003
2026-08-04 12:00:00,27.987829700000002,79.673451,33.1240844,0.517683,10.465931800000002,5.9878297000000025
2026-08-04 13:00:00,28.729447299999997,75.722082,33.8554236,0.5589009,11.472009700000001,6.729447299999997
2026-08-04 14:00:00,28.6864396,75.559692,33.668009600000005,0.4952103,10.4921515,6.6864396
2026-08-04 15:00:00,28.7690575,74.942103,33.4625233,0.4328548,9.686978799999999,6.769057499999999
2026-08-04 16:00:00,27.378760800000002,82.683064,32.1069759,0.7398305000000001,10.3210157,5.378760800000002
2026-08-04 17:00:00,26.569826699999997,89.14728000000001,31.9761744,0.5360239,7.874046299999999,4.569826699999997
2026-08-04 18:00:00,25.9567669,92.56489699999999,31.346612900000004,2.2258812,8.015853400000001,3.9567669000000016
2026-08-04 19:00:00,25.595796600000003,93.28806600000001,30.8486319,1.9597995,7.9249181,3.5957966000000035
2026-08-04 20:00:00,25.621387000000006,94.049683,31.184274000000002,0.7100366,6.376275499999999,3.6213870000000057
2026-08-04 21:00:00,25.575373199999998,93.451225,31.023857399999997,0.7332460000000001,6.693477000000001,3.575373199999998
2026-08-04 22:00:00,25.3947639,93.287674,30.578626,0.5050432,7.696883000000001,3.394763900000001
2026-08-04 23:00:00,25.5991331,93.397434,30.8161395,0.38662989999999997,8.198069,3.5991330999999995
2026-08-05 00:00:00,25.3295499,94.49781699999998,30.6574152,0.3955390000000001,7.420924500000001,3.3295499
2026-08-05 01:00:00,25.294774800000003,94.62169699999998,30.4553684,0.43494130000000003,8.474229000000001,3.2947748000000026
2026-08-05 02:00:00,25.141937900000002,93.54988399999999,29.9973856,0.6097927000000001,8.6010545,3.141937900000002
2026-08-05 03:00:00,24.915854099999997,94.967528,29.9911611,0.35065240000000003,7.444723800000001,2.915854099999997
2026-08-05 04:00:00,24.7780496,94.453217,29.768459699999998,0.43807860000000004,7.035370399999999,2.7780495999999992
2026-08-05 05:00:00,25.3150521,94.02015800000001,30.1894358,0.1920075,9.7207547,3.315052099999999
2026-08-05 06:00:00,25.3192246,93.35167299999999,30.271304299999997,0.40194880000000005,8.7136719,3.3192245999999983
2026-08-05 07:00:00,25.8470434,89.702113,30.760206,0.1156032,8.6402286,3.8470434000000004
2026-08-05 08:00:00,26.4830142,86.660316,31.460451100000004,0.39936419999999995,8.4901217,4.4830141999999995
2026-08-05 09:00:00,27.489979199999997,82.884393,32.4361725,1.0585221,9.2437829,5.489979199999997
2026-08-05 10:00:00,28.160168200000005,77.333673,32.9118103,1.167713,10.853680599999999,6.160168200000005
2026-08-05 11:00:00,28.8385583,74.89829200000001,34.12526870000001,0.5498447,10.0312915,6.838558299999999
2026-08-05 12:00:00,29.071976499999998,72.979993,34.059180600000005,0.20046760000000002,9.992482800000001,7.071976499999998
2026-08-05 13:00:00,28.983525500000002,71.775377,33.3342242,0.3370427000000001,11.6823972,6.9835255000000025
2026-08-05 14:00:00,28.874383700000003,72.827077,33.0998666,0.6245128,11.8676321,6.874383700000003
2026-08-05 15:00:00,28.6168146,74.676081,32.6654598,0.8414679999999999,12.471683099999998,6.616814600000001
2026-08-05 16:00:00,28.6134647,75.793494,33.3015708,0.9970746,9.1520136,6.6134647000000015
2026-08-05 17:00:00,28.1142623,78.896315,32.7882801,0.3387581,10.5368151,6.1142623
2026-08-05 18:00:00,27.203050400000002,82.11439100000001,31.882854599999998,0.2209813,9.7740335,5.203050400000002
2026-08-05 19:00:00,26.605516400000003,85.278674,31.407183299999996,0.1416947,9.2031092,4.605516400000003
2026-08-05 20:00:00,26.363493000000002,87.94961500000001,31.268685700000002,0.2135311,9.2979697,4.363493000000002
2026-08-05 21:00:00,25.947549700000003,90.711624,31.2115942,0.26871150000000005,7.245835799999998,3.9475497000000033
2026-08-05 22:00:00,25.8228191,92.55738800000002,31.1624019,0.208312,7.462816299999999,3.8228191000000002
2026-08-05 23:00:00,25.803134699999998,93.928358,31.4547376,0.1400515,6.7148656,3.8031346999999975
2026-08-06 00:00:00,25.635436799999997,93.95262400000001,31.068842200000002,1.3176651000000001,7.2837019,3.6354367999999972
2026-08-06 01:00:00,25.2917005,92.44924300000001,30.296256400000004,1.0121744000000001,7.7320622000000006,3.291700500000001
2026-08-06 02:00:00,25.013607099999998,94.948211,30.1265509,0.43083380000000004,7.410299500000001,3.013607099999998
2026-08-06 03:00:00,25.071148600000004,95.01701500000001,30.1327898,0.2082289,8.1850142,3.0711486000000043
2026-08-06 04:00:00,25.1200576,92.91534700000001,29.754517800000002,0.0932027,9.481561800000001,3.120057599999999
2026-08-06 05:00:00,25.2711997,92.33312500000001,30.042739300000004,0.1673682,9.029453700000001,3.2711997000000004
2026-08-06 06:00:00,25.2977516,91.34712599999999,30.195780100000004,0.40944690000000006,7.9795919,3.2977516000000016
2026-08-06 07:00:00,25.6226127,91.03023700000001,30.503857200000002,0.7511029000000001,8.772481799999998,3.6226127000000012
2026-08-06 08:00:00,26.461185,85.894462,30.994173400000005,0.4795044,10.5991913,4.461185
2026-08-06 09:00:00,26.755706200000002,82.136747,31.034855,0.6382462999999999,10.5101986,4.755706200000002
2026-08-06 10:00:00,27.2539566,77.883852,31.391713600000003,0.8020261999999999,10.4043157,5.253956599999999
2026-08-06 11:00:00,27.7086322,74.601556,31.7026162,0.5411926,11.6771892,5.7086322
2026-08-06 12:00:00,27.970023200000004,73.90432999999999,32.222788300000005,0.3662519000000001,11.4573413,5.9700232000000035
2026-08-06 13:00:00,28.135148900000004,73.82665,32.5013558,0.2039733,11.638029699999999,6.135148900000004
2026-08-06 14:00:00,27.2883551,77.193252,31.2007668,0.35871860000000005,13.3043167,5.2883551
2026-08-06 15:00:00,27.225371,79.126073,31.37934050000001,0.6437083,11.3142291,5.225370999999999
2026-08-06 16:00:00,26.849659499999998,81.142979,30.9066924,1.3189676000000001,10.7399804,4.849659499999998
2026-08-06 17:00:00,26.830271800000002,85.06040699999998,31.425718200000002,1.2520618,10.5980929,4.830271800000002
2026-08-06 18:00:00,26.409066,87.90277,31.115493100000002,0.47589279999999995,10.699918499999999,4.409065999999999
2026-08-06 19:00:00,26.1085463,89.272785,30.802037900000002,0.169801,10.9023665,4.1085463
2026-08-06 20:00:00,26.024867399999998,88.606024,30.445628800000005,0.024859100000000002,11.4204869,4.024867399999998
2026-08-06 21:00:00,25.847017599999997,88.953455,30.2218617,0.0377787,11.731599300000001,3.8470175999999974
2026-08-06 22:00:00,25.7378257,89.07605000000001,30.2043702,0.05698980000000001,10.879138000000001,3.7378256999999984
2026-08-06 23:00:00,25.7431728,88.841579,29.8952004,0.0278947,12.5562658,3.7431728
2026-08-07 00:00:00,25.201094100000002,91.386246,29.425452,0.2504996,12.0005615,3.2010941000000024
2026-08-07 01:00:00,24.951255099999997,90.886117,29.253904600000002,0.7906709000000001,10.203829600000002,2.9512550999999974
2026-08-07 02:00:00,25.021658900000006,90.88984299999998,29.356837500000005,0.3502684,10.034914199999998,3.0216589000000056
2026-08-07 03:00:00,24.9714664,91.238817,29.251106400000005,0.1210974,10.5059044,2.9714664000000006
2026-08-07 04:00:00,24.8396046,92.045694,29.090496800000004,0.0237671,10.4455461,2.8396046000000013
2026-08-07 05:00:00,25.0319341,93.633567,29.551068700000002,0.6340785000000001,10.663073,3.031934100000001
2026-08-07 06:00:00,24.9453806,90.790063,29.2094065,1.0326335,9.895982199999999,2.9453806
2026-08-07 07:00:00,25.338051200000002,90.249618,29.522750300000002,1.2434614,11.578651200000001,3.3380512000000024
2026-08-07 08:00:00,25.840100000000003,88.079699,29.848886699999998,1.0921846,13.458765600000001,3.840100000000003
2026-08-07 09:00:00,26.6126573,85.374944,30.667759699999998,0.9754579000000001,13.7820403,4.612657299999999
2026-08-07 10:00:00,27.322640299999996,81.40490799999999,31.3945644,1.2010654,13.9393211,5.322640299999996
2026-08-07 11:00:00,27.8357462,76.85490999999999,31.713773500000006,0.8772053,14.536114599999998,5.835746199999999
2026-08-07 12:00:00,27.0458267,81.754507,30.9503769,4.371723600000001,15.376019200000002,5.045826699999999
2026-08-07 13:00:00,27.9835908,78.874708,32.500199099999996,1.0971581000000001,15.708640299999999,5.983590800000002
2026-08-07 14:00:00,27.008150599999997,84.579538,31.422847499999996,2.6568151,14.916651,5.008150599999997
2026-08-07 15:00:00,27.457186100000005,82.553774,31.9241169,0.8118537,12.943583499999999,5.457186100000005
2026-08-07 16:00:00,26.8916645,81.60529,30.592371399999998,0.7123806,14.465775700000002,4.891664500000001
2026-08-07 17:00:00,26.283537600000002,88.05361,30.6567435,2.2220579000000003,12.453336299999998,4.2835376000000025
2026-08-07 18:00:00,25.835097200000003,90.97728699999999,30.471131900000003,0.8224377,11.0755456,3.8350972000000034
2026-08-07 19:00:00,25.5422284,91.239544,30.075791100000004,0.5944145,10.8905666,3.542228399999999
2026-08-07 20:00:00,25.427586199999997,91.12805999999999,29.7114245,0.098588,12.2994281,3.427586199999997
2026-08-07 21:00:00,25.0063494,93.22542399999999,29.085689999999992,0.378047,12.922875399999999,3.0063494000000013
2026-08-07 22:00:00,24.8766076,92.55776999999999,28.962866799999997,1.3743649,12.294294099999998,2.8766076
2026-08-07 23:00:00,25.0495732,93.39544199999999,29.4349066,4.5463753,11.459280399999999,3.049573200000001
2026-08-08 00:00:00,25.1039635,91.962259,29.482661600000004,0.9898788000000002,10.8391055,3.103963499999999
2026-08-08 01:00:00,24.972295699999997,91.920983,29.0845953,0.4913042000000001,12.045975199999999,2.9722956999999965
2026-08-08 02:00:00,24.645897100000003,92.006023,28.563633099999997,0.4972122,12.1497188,2.6458971000000027
2026-08-08 03:00:00,24.3755119,92.701525,28.2698973,2.2578902,11.395138000000001,2.3755118999999993
2026-08-08 04:00:00,24.1220268,93.663077,28.0135036,2.6517974,11.546759399999997,2.1220268000000004
2026-08-08 05:00:00,24.8148564,92.95557099999999,29.0072136,0.3351266,11.9887579,2.8148564
2026-08-08 06:00:00,24.660407799999998,92.844407,28.746097199999998,2.3063363,11.739452199999999,2.660407799999998
2026-08-08 07:00:00,25.411244800000002,90.640354,29.685375499999996,0.4813257,11.578811799999999,3.411244800000002
2026-08-08 08:00:00,26.355551399999996,84.51113799999999,30.497835899999995,0.2633552,11.561948799999998,4.355551399999996
2026-08-08 09:00:00,27.4231044,81.135653,31.6330369,0.42845360000000005,13.0438501,5.4231044
2026-08-08 10:00:00,28.6777115,76.244912,32.8515162,0.1900009,14.6350709,6.677711500000001
2026-08-08 11:00:00,28.6890403,73.128392,32.52366,0.25527590000000006,16.040675200000003,6.6890402999999985
2026-08-08 12:00:00,28.460778400000002,74.736185,32.8903633,1.8187305999999999,14.712937400000001,6.460778400000002
2026-08-08 13:00:00,28.444374200000002,76.126177,33.0881476,0.8321993999999999,14.1975094,6.444374200000002
2026-08-08 14:00:00,28.8638686,75.35447599999999,33.6273398,0.363863,12.819822799999999,6.8638686
2026-08-08 15:00:00,29.4641293,72.062704,34.176870199999996,0.0596342,11.5233529,7.4641293
2026-08-08 16:00:00,28.6698068,74.571952,32.863034199999994,0.2995257,12.370123900000001,6.6698068
2026-08-08 17:00:00,28.5145716,76.876765,33.0534571,0.5147141000000001,10.9318819,6.5145716
2026-08-08 18:00:00,27.9170828,79.189196,32.4328062,0.0891525,10.9932929,5.917082799999999
2026-08-08 19:00:00,27.086733200000005,83.51635999999999,31.9551273,0.0527538,8.9736082,5.086733200000005
2026-08-08 20:00:00,26.683720900000004,86.02375,31.753744800000003,0.0527538,8.121328,4.683720900000004
2026-08-08 21:00:00,26.6093453,87.134341,31.5265261,0.0278947,9.490821400000002,4.609345300000001
2026-08-08 22:00:00,26.3703915,87.99634100000002,31.3390865,0.0307187,9.3985036,4.3703915
2026-08-08 23:00:00,26.367366800000003,88.931449,31.4529083,0.0335427,8.7909408,4.367366800000003
2026-08-09 00:00:00,26.0855365,89.29955400000001,31.010025599999995,0.1239276,9.5539244,4.0855365
2026-08-09 01:00:00,25.9061023,89.478949,30.727178499999997,0.12286090000000001,9.5633105,3.9061023000000006
2026-08-09 02:00:00,25.787983200000003,89.573696,30.482390900000002,0.0446591,9.472201499999999,3.787983200000003
2026-08-09 03:00:00,25.223615399999996,91.50417,29.5966836,0.3249764,11.1484951,3.2236153999999964
2026-08-09 04:00:00,24.9608563,90.921948,29.067109,0.1560444,11.1677893,2.9608562999999997
2026-08-09 05:00:00,24.627019400000005,93.53798900000001,29.0562362,0.1555165,9.5255787,2.6270194000000053
2026-08-09 06:00:00,24.9450028,91.39435300000001,29.335458799999998,0.1410512,9.936195199999998,2.945002800000001
2026-08-09 07:00:00,25.900015999999997,88.655635,30.597870099999998,0.2866934,9.6580855,3.9000159999999973
2026-08-09 08:00:00,26.9655232,84.036173,31.703696199999996,0.3774963,10.0593343,4.9655232
2026-08-09 09:00:00,28.1673517,78.23258799999999,32.883311,0.34797130000000004,10.495726499999998,6.167351700000001
2026-08-09 10:00:00,28.3195233,76.69092500000001,32.9829687,0.8463797,11.9540251,6.3195233
2026-08-09 11:00:00,28.8453129,74.112878,33.938496900000004,0.6522511999999999,12.2741632,6.8453129
2026-08-09 12:00:00,30.1053904,68.942917,35.682945399999994,0.36928130000000003,12.5451832,8.105390400000001
2026-08-09 13:00:00,30.661136900000002,67.01505999999999,36.533551200000005,0.055660900000000006,11.806794499999999,8.661136900000002
2026-08-09 14:00:00,30.656970600000005,66.249077,36.1614119,0.17239379999999999,11.1690483,8.656970600000005
2026-08-09 15:00:00,30.689910500000007,66.226865,35.6892096,0.2914181,9.6848371,8.689910500000007
2026-08-09 16:00:00,30.297022100000003,67.67102499999999,34.7480026,0.11806180000000001,9.984921400000001,8.297022100000003
2026-08-09 17:00:00,29.6154473,70.155491,33.997711100000004,0.3057693000000001,10.0360615,7.6154473
2026-08-09 18:00:00,28.6702355,76.62467600000001,33.941842799999996,0.077696,7.243829999999999,6.6702355
2026-08-09 19:00:00,27.9128654,80.398751,33.2413159,0.0124711,7.123021799999999,5.912865400000001
2026-08-09 20:00:00,27.5230699,82.785342,33.002478200000006,0.049718200000000004,6.5464743,5.523069899999999
2026-08-09 21:00:00,27.330284199999998,83.63027500000001,32.619608500000005,0.0,7.371186599999999,5.330284199999998
2026-08-09 22:00:00,27.0736856,84.056537,32.11849840000001,0.0278947,7.7771995,5.073685600000001
2026-08-09 23:00:00,26.7634379,86.123044,32.0279604,0.0278947,7.2198488,4.7634379
2026-08-10 00:00:00,26.2165906,87.202056,31.3622193,0.1089205,6.8505465999999995,4.2165906
2026-08-10 01:00:00,25.3934737,89.938514,30.0134448,0.5177467,8.941150200000001,3.3934737000000013
2026-08-10 02:00:00,25.014629399999997,91.561362,29.9020431,0.26639080000000004,6.851338199999999,3.014629399999997
2026-08-10 03:00:00,24.731098100000004,93.299874,29.544352500000002,0.18831130000000001,7.767094200000001,2.731098100000004
2026-08-10 04:00:00,24.807868800000005,93.95212300000001,29.789422899999998,0.1753463,6.69523,2.807868800000005
2026-08-10 05:00:00,25.156346900000003,91.451932,29.778093900000002,0.2047815,8.693130300000002,3.1563469000000026
2026-08-10 06:00:00,24.986931900000002,92.774844,29.949929800000003,0.2186708,6.7699348,2.986931900000002
2026-08-10 07:00:00,25.580777100000002,90.208409,30.439691800000002,0.22413920000000004,8.079179100000001,3.5807771000000024
2026-08-10 08:00:00,26.698353200000003,82.97906300000001,31.208480200000004,0.1533566,9.3812294,4.698353200000003
2026-08-10 09:00:00,27.6457666,78.50954800000001,32.2493404,0.137933,9.656154199999998,5.645766600000002
2026-08-10 10:00:00,28.694559499999997,75.31994499999999,33.8785605,0.415468,8.859194800000001,6.694559499999997
2026-08-10 11:00:00,29.543789500000003,68.617574,34.8158818,0.1304498,10.0717125,7.543789500000003
2026-08-10 12:00:00,30.5449408,66.022182,36.2422313,0.4575745000000001,10.041291500000002,8.5449408
2026-08-10 13:00:00,30.2429538,67.775377,35.82257370000001,0.1647444,12.0012799,8.242953799999999
2026-08-10 14:00:00,28.9322448,75.074303,34.2852622,1.7537852000000003,9.524874899999999,6.932244799999999
2026-08-10 15:00:00,29.181766500000005,72.985361,34.0168992,0.4665208,9.556189799999999,7.1817665000000055
2026-08-10 16:00:00,28.300999599999997,78.27848800000001,33.252020300000005,0.49236650000000004,8.7428335,6.300999599999997
2026-08-10 17:00:00,28.564057400000003,77.561317,33.4584068,0.9872553,10.043097399999999,6.564057400000003
2026-08-10 18:00:00,27.807186400000003,82.45645900000001,32.9945599,0.235687,9.1722349,5.807186400000003
2026-08-10 19:00:00,27.059969700000003,85.863796,32.2168252,0.18690030000000002,9.2021089,5.0599697000000035
2026-08-10 20:00:00,26.6963627,87.30769800000002,31.9466387,0.45182900000000004,8.126555000000002,4.696362700000002
2026-08-10 21:00:00,26.387208500000003,89.095,31.830636100000003,0.2769012,6.8054489,4.387208500000003
2026-08-10 22:00:00,26.254937400000003,90.12324000000001,31.7607659,0.0622724,6.9452268,4.254937400000003
2026-08-10 23:00:00,25.784936700000003,92.641525,31.071130900000004,0.0,8.4246406,3.784936700000003
2026-08-11 00:00:00,25.7256426,91.555592,30.8390724,0.0791973,8.341777800000001,3.7256426000000005
2026-08-11 01:00:00,25.4507644,92.83274300000001,30.4588151,0.0891525,8.712393,3.4507644000000006
2026-08-11 02:00:00,25.1559247,93.09757,29.9971016,0.0557894,8.7002141,3.1559247
2026-08-11 03:00:00,25.085654600000005,93.12581,30.028634700000005,0.1728366,7.773964100000001,3.085654600000005
2026-08-11 04:00:00,24.8574518,92.85027400000001,29.695304600000004,0.1558787,7.1503565,2.8574517999999998
2026-08-11 05:00:00,25.033548500000002,93.408669,30.0627152,0.40693100000000004,7.5291249,3.033548500000002
2026-08-11 06:00:00,25.064716200000003,92.81310099999999,29.816616800000002,0.1673682,9.001835000000002,3.064716200000003
2026-08-11 07:00:00,25.6420902,89.969272,30.6006467,0.2231576,8.327496400000001,3.6420901999999984
2026-08-11 08:00:00,26.6378051,85.482923,31.5234141,1.2273668000000002,8.540089599999998,4.637805100000001
2026-08-11 09:00:00,27.119180699999998,83.212951,31.9655913,1.8689449,9.221483799999998,5.119180699999998
2026-08-11 10:00:00,27.968373,79.99349300000002,33.0677217,0.5633623999999999,8.101203300000002,5.968373
2026-08-11 11:00:00,28.381827700000006,77.63237099999999,33.46059,0.27385740000000003,9.266331500000001,6.381827700000006
2026-08-11 12:00:00,28.1327317,78.23093799999998,32.8451052,1.4859896,11.4345773,6.132731700000001
2026-08-11 13:00:00,28.271868599999998,79.02380400000001,33.56264710000001,2.0250937,10.4114924,6.271868599999998
2026-08-11 14:00:00,28.451669700000004,78.182989,33.5290394,0.6687462,10.5686117,6.451669700000004
2026-08-11 15:00:00,28.686257500000004,76.68164700000001,33.4387795,0.7478867000000001,11.4341948,6.6862575000000035
2026-08-11 16:00:00,28.3860908,77.01438,32.91854709999999,0.5143574,10.8692239,6.386090800000002
2026-08-11 17:00:00,27.9771442,79.91972000000001,33.0063461,0.44237540000000003,8.2006034,5.9771442000000015
2026-08-11 18:00:00,27.554564099999997,82.777942,32.984858,0.7098386,6.268374200000001,5.554564099999997
2026-08-11 19:00:00,26.992002200000005,85.60445100000001,32.4297979,0.9514807000000001,6.882464000000001,4.992002200000005
2026-08-11 20:00:00,26.442995700000004,88.074224,31.576927,0.8897032,8.7703494,4.442995700000004
2026-08-11 21:00:00,26.273411499999998,89.40573899999998,31.7087146,0.26965290000000003,7.522232300000001,4.273411499999998
2026-08-11 22:00:00,25.842235600000002,90.31736,30.8215119,0.1798393,9.0031616,3.842235600000002
2026-08-11 23:00:00,25.932587,89.64754300000001,30.882346,0.1519446,8.8893737,3.9325870000000016
2026-08-12 00:00:00,25.630891700000003,90.67104,30.8173518,0.31931280000000006,7.1460636,3.630891700000003
2026-08-12 01:00:00,25.5814682,91.264693,30.8368489,0.1673682,6.7402636000000005,3.5814681999999998
2026-08-12 02:00:00,25.328919799999998,92.41373200000001,30.409108,0.1798393,7.7522326,3.3289197999999978
2026-08-12 03:00:00,25.2557364,91.99986600000001,30.2584732,0.0682605,8.029743999999999,3.2557364
2026-08-12 04:00:00,24.7461538,92.441972,29.510495200000005,0.2231576,7.6080014,2.7461537999999983
2026-08-12 05:00:00,25.200877,93.581319,30.291938500000004,0.1394735,7.7483455999999995,3.2008769999999984
2026-08-12 06:00:00,25.327634300000003,92.636395,30.3979834,0.3347364,8.149067200000001,3.3276343000000033
2026-08-12 07:00:00,26.206536900000003,89.472271,31.4105185,0.0293067,8.5079721,4.206536900000003
2026-08-12 08:00:00,27.3728233,83.23413099999999,32.3687298,0.0293067,9.225020599999999,5.3728233
2026-08-12 09:00:00,28.456893400000002,74.984255,33.078730900000004,0.0891525,9.3642046,6.456893400000002
2026-08-12 10:00:00,29.186457600000004,70.89118500000001,33.8667651,0.23956280000000002,9.817690700000002,7.186457600000004
2026-08-12 11:00:00,29.6120257,70.425448,34.653656500000004,0.2674575,10.545766200000003,7.6120257
2026-08-12 12:00:00,30.143047800000005,69.22673599999999,35.93068600000001,0.3759114,9.3670377,8.143047800000005
2026-08-12 13:00:00,30.5465793,68.40433,36.478830699999996,0.26965290000000003,8.882278500000002,8.546579300000001
2026-08-12 14:00:00,30.3675621,68.05695599999999,35.6954723,2.4888475999999997,8.2544838,8.3675621
2026-08-12 15:00:00,30.5268299,67.557462,35.4161197,0.6008211,9.582347299999999,8.5268299
2026-08-12 16:00:00,30.0574533,68.70249000000001,34.654042499999996,0.2829724,8.8391299,8.057453299999999
2026-08-12 17:00:00,29.763969300000003,71.372761,34.6928363,0.47726460000000004,8.190639599999999,7.763969300000003
2026-08-12 18:00:00,28.0773764,80.51611900000002,32.923915,0.36415770000000003,10.973619800000002,6.077376399999999
2026-08-12 19:00:00,27.0162528,85.906942,31.9699814,0.0836841,10.1821146,5.0162528
2026-08-12 20:00:00,26.719410699999997,86.393085,31.951294199999996,0.0682605,7.522454799999999,4.719410699999997
2026-08-12 21:00:00,26.533829600000004,86.959071,31.5217652,0.0278947,8.8115398,4.533829600000004
2026-08-12 22:00:00,26.086588099999997,89.135911,31.1034072,0.1394735,8.7686685,4.086588099999997
2026-08-12 23:00:00,26.770004500000002,86.975084,32.0948848,0.1086263,8.1105128,4.770004500000002
2026-08-13 00:00:00,26.174202800000003,88.556475,31.295976800000002,1.1312564999999999,8.2688769,4.174202800000003
2026-08-13 01:00:00,25.967014300000002,89.193319,30.777171799999998,0.40727159999999996,9.488033900000001,3.9670143000000024
2026-08-13 02:00:00,25.8112641,89.74909699999999,30.5089123,0.14899210000000002,10.1763055,3.811264099999999
2026-08-13 03:00:00,25.542900900000003,90.45871900000002,30.108335300000004,0.2480998,10.802103500000001,3.542900900000003
2026-08-13 04:00:00,25.586052,90.958652,30.364963899999996,0.1460396,9.8528021,3.5860519999999987
2026-08-13 05:00:00,25.2812591,92.523673,29.918581,0.3764244,9.969805599999999,3.2812590999999998
2026-08-13 06:00:00,25.2385575,93.441322,29.760688499999997,0.34504310000000005,11.7602264,3.238557499999999
2026-08-13 07:00:00,26.2354889,89.527647,31.0447933,0.0527084,10.9560773,4.2354889
2026-08-13 08:00:00,27.5455525,80.208905,32.044328900000004,0.3288314,10.7077521,5.545552499999999
2026-08-13 09:00:00,28.534607,76.93452,33.2227986,0.137933,10.766494999999999,6.534607000000001
2026-08-13 10:00:00,28.9976504,73.397997,33.8819431,0.30874860000000004,10.049815700000002,6.997650400000001
2026-08-13 11:00:00,29.322198200000003,72.33713100000001,34.5647166,1.1675334,11.452947300000002,7.3221982000000025
2026-08-13 12:00:00,30.097097500000004,70.49405599999999,35.9455973,0.8377013000000001,9.3207742,8.097097500000004
2026-08-13 13:00:00,29.810648999999998,71.13215500000001,35.4043532,0.601216,11.457507900000001,7.810648999999998
2026-08-13 14:00:00,30.1692743,70.451026,35.628476500000005,0.23687770000000002,10.59313,8.169274300000001
2026-08-13 15:00:00,29.9223287,70.106381,34.33871739999999,0.2774013,12.842252600000002,7.922328700000001
2026-08-13 16:00:00,29.7425482,70.231923,33.9970701,0.1333569,11.9969859,7.742548200000002
2026-08-13 17:00:00,28.600883299999996,77.95190399999998,33.3520518,1.1293544000000002,11.1348308,6.600883299999996
2026-08-13 18:00:00,28.063638400000002,80.31541,33.014516400000005,0.11017199999999999,10.217495,6.063638400000002
2026-08-13 19:00:00,27.256002600000002,85.334323,32.4898461,0.1913809,8.8762538,5.256002600000002
2026-08-13 20:00:00,27.0882278,86.79723700000001,32.489729000000004,0.1022604,8.6654646,5.0882277999999985
2026-08-13 21:00:00,27.0812251,86.378566,32.4481308,0.029095100000000002,8.0122246,5.081225100000001
2026-08-13 22:00:00,26.969016699999997,84.70282,31.9829421,0.00706,9.183037299999999,4.969016699999997
2026-08-13 23:00:00,26.8686436,86.683297,32.2227527,0.047425800000000004,8.2027679,4.868643599999999
2026-08-14 00:00:00,26.483046400000003,87.623416,31.554819900000002,0.0836841,8.6617777,4.483046400000003
2026-08-14 01:00:00,26.077481500000005,88.65025200000001,31.112831000000003,0.1048641,8.570241999999999,4.077481500000005
2026-08-14 02:00:00,25.756589499999997,90.41226100000002,30.7753222,0.1592415,8.4055544,3.756589499999997
2026-08-14 03:00:00,25.4896125,91.48145699999999,30.408172800000003,0.1189841,8.619789500000001,3.4896125
2026-08-14 04:00:00,25.443148700000002,91.49166500000001,30.420534,0.1465335,7.9404322,3.443148700000002
2026-08-14 05:00:00,25.0761283,93.58368800000001,30.237183800000004,0.0850961,7.2575531,3.0761283000000006
2026-08-14 06:00:00,24.9148824,93.30025599999999,29.7634812,0.5741754,7.9028162,2.9148823999999998
2026-08-14 07:00:00,25.777817400000004,90.18426199999999,30.7788413,0.46456130000000007,8.530447,3.7778174000000035
2026-08-14 08:00:00,26.973142099999997,84.41800099999999,32.0405243,0.40094290000000005,8.5371206,4.973142099999997
2026-08-14 09:00:00,27.586038900000002,79.77537199999999,32.1265152,0.32897279999999995,10.4252999,5.586038900000002
2026-08-14 10:00:00,28.342284000000003,76.277947,32.942445600000006,0.4936899,9.5716295,6.342284000000003
2026-08-14 11:00:00,29.141182099999998,72.49513499999999,33.8510754,0.243004,11.8024948,7.141182099999998
2026-08-14 12:00:00,29.431060700000003,72.55064999999999,34.54407990000001,0.6120273,11.539919300000001,7.431060700000003
2026-08-14 13:00:00,29.8294592,71.191468,35.194517299999994,0.43017940000000005,11.025693100000002,7.829459199999999
2026-08-14 14:00:00,29.5943222,70.622974,34.4554901,0.420827,12.1222313,7.594322200000001
2026-08-14 15:00:00,28.1853439,77.154987,32.6850146,2.2691123000000006,10.642230300000001,6.1853438999999995
2026-08-14 16:00:00,28.0494537,77.688062,32.445483499999995,0.4401274,10.935889399999999,6.049453700000001
2026-08-14 17:00:00,28.516256300000002,74.134199,32.905268500000005,0.42177960000000003,9.9054215,6.516256300000002
2026-08-14 18:00:00,28.074566800000003,76.50147299999999,32.606834799999994,0.1952629,9.2629086,6.074566800000003
2026-08-14 19:00:00,27.4361364,80.57318699999999,32.1594849,0.18312050000000002,9.3262794,5.436136399999999
2026-08-14 20:00:00,26.690815899999997,84.191069,31.1711542,0.27952130000000003,10.3803522,4.690815899999997
2026-08-14 21:00:00,26.2129914,87.839798,31.231162499999996,0.3632054,8.276031799999998,4.2129914
2026-08-14 22:00:00,26.1822288,86.949997,30.8963301,0.0278947,9.070658700000001,4.182228800000001
2026-08-14 23:00:00,26.054597800000003,87.32514700000002,30.8650964,0.1952629,8.5136774,4.054597800000003
2026-08-15 00:00:00,25.9437555,88.512634,30.9185083,0.0,7.749600600000001,3.9437555000000017
2026-08-15 01:00:00,25.548268099999998,88.66250400000001,30.207834700000003,0.0902502,8.372796399999999,3.548268099999998
2026-08-15 02:00:00,25.1286147,91.302749,29.9467828,0.16107770000000002,7.546756,3.1286147
2026-08-15 03:00:00,24.893928900000002,92.27418899999999,29.5737604,0.20003150000000003,8.135323000000001,2.8939289000000024
2026-08-15 04:00:00,24.8207063,92.55102,29.606569800000003,0.1893579,7.6007144,2.820706300000001
2026-08-15 05:00:00,24.6000259,94.72489300000001,29.1772125,0.1673682,9.7745442,2.6000258999999986
2026-08-15 06:00:00,24.682052900000002,94.920405,29.7747638,0.6404727000000001,6.8543696999999995,2.682052900000002
2026-08-15 07:00:00,25.3066503,92.66467700000001,30.286459699999998,0.9347148000000001,8.7817834,3.306650300000001
2026-08-15 08:00:00,26.351891399999996,86.371451,31.063059,0.6225662,9.910593299999999,4.351891399999996
2026-08-15 09:00:00,27.226457300000003,80.70802900000001,31.745781100000002,0.2394735,10.379700999999999,5.226457300000003
2026-08-15 10:00:00,28.1550828,77.158671,33.118769,0.2340051,8.643074600000002,6.155082799999999
2026-08-15 11:00:00,29.159379800000004,72.059077,33.672496699999996,0.2263346,10.9647447,7.1593798000000035
2026-08-15 12:00:00,29.805405299999997,69.666056,35.023048700000004,0.35993510000000006,12.802005900000001,7.805405299999997
2026-08-15 13:00:00,29.2861677,73.942021,34.4727079,0.9569615,12.2272753,7.2861677
2026-08-15 14:00:00,30.2406014,69.328684,35.5509092,0.15697640000000002,10.4217742,8.2406014
2026-08-15 15:00:00,29.756588600000004,67.962452,33.950113400000006,0.4351911,12.9477969,7.756588600000004
2026-08-15 16:00:00,29.720979500000002,67.760587,33.4740549,0.2533246,12.3687576,7.720979500000002
2026-08-15 17:00:00,29.4985671,70.125906,33.5984831,0.16585300000000003,12.4945,7.498567099999999
2026-08-15 18:00:00,28.5588981,76.211338,33.3366056,0.3347364,9.5559394,6.5588981
2026-08-15 19:00:00,27.850372,79.758461,32.767971,0.1115788,9.1862443,5.850372
2026-08-15 20:00:00,27.120145700000002,83.58575400000001,31.9861402,0.1394735,9.6164957,5.120145700000002
2026-08-15 21:00:00,26.715933000000003,85.094367,31.708866399999994,0.2231576,8.436131500000002,4.715933000000003
2026-08-15 22:00:00,26.4185506,86.892135,31.6200984,0.0682605,7.2471065,4.4185506
2026-08-15 23:00:00,26.202736300000005,87.5709,30.9199548,0.0403658,9.943526799999999,4.202736300000005
2026-08-16 00:00:00,25.796393699999996,89.472633,30.632854800000004,0.1018032,9.2855725,3.796393699999996
2026-08-16 01:00:00,25.7223361,89.50627600000001,30.509798899999996,0.0572014,9.104155500000001,3.7223360999999997
2026-08-16 02:00:00,25.6091389,89.52971099999999,30.4436621,0.2021433,8.383261300000001,3.6091389000000014
2026-08-16 03:00:00,24.826973000000002,91.684448,29.383762,0.9872979000000001,8.3694792,2.8269730000000024
2026-08-16 04:00:00,24.6561182,92.28079,29.062676500000002,0.2423868,9.393034400000001,2.6561182000000017
2026-08-16 05:00:00,25.5152431,87.93806,29.508035400000004,0.36109060000000004,12.3452404,3.5152430999999993
2026-08-16 06:00:00,25.3886438,88.32715900000001,29.615710099999998,0.228626,10.441895,3.3886438000000005
2026-08-16 07:00:00,26.104146300000004,85.29781,30.245787800000002,0.178305,11.6524161,4.104146300000004
2026-08-16 08:00:00,27.4511958,77.745418,31.307462600000004,0.1485555,12.869889299999999,5.451195800000001
2026-08-16 09:00:00,28.5625005,72.57249,32.2769952,0.0637675,13.316338700000001,6.562500499999999
2026-08-16 10:00:00,29.807355099999995,67.750848,34.1107391,0.0542489,13.1980286,7.807355099999995
2026-08-16 11:00:00,30.420154399999998,63.887821,34.503281699999995,0.6763919,14.135590700000002,8.420154399999998
2026-08-16 12:00:00,30.6682686,64.759967,35.7123176,0.2067777,13.3288554,8.668268600000001
2026-08-16 13:00:00,30.786909899999998,64.873051,35.918199300000005,0.17754789999999998,12.617014900000001,8.786909899999998
2026-08-16 14:00:00,30.820617600000006,64.771043,35.4377096,0.3508211,13.476124899999999,8.820617600000006
2026-08-16 15:00:00,30.4157351,65.474136,34.060209500000006,0.3591589,15.455812000000002,8.4157351
2026-08-16 16:00:00,29.9029658,68.172424,33.8256356,0.3467709,12.7412507,7.9029658000000005
2026-08-16 17:00:00,28.860357499999996,73.55633800000001,33.1171936,0.11009559999999999,11.1059069,6.860357499999996
2026-08-16 18:00:00,28.130338099999996,78.310317,33.1099741,0.5828362,7.8024076,6.130338099999996
2026-08-16 19:00:00,27.6584749,80.72027100000001,32.5173851,0.285397,8.8536755,5.658474900000002
2026-08-16 20:00:00,27.1154818,83.765407,32.0600346,0.25203390000000003,9.2578537,5.115481800000001
2026-08-16 21:00:00,26.821083899999998,85.802962,31.6437884,0.2920792,10.382869099999999,4.821083899999998
2026-08-16 22:00:00,26.4971863,86.07556100000001,31.177825000000002,0.11896400000000001,10.400208,4.497186299999999
2026-08-16 23:00:00,26.577243400000004,84.884879,31.1489926,0.1883996,10.5030794,4.577243400000004
2026-08-17 00:00:00,26.178403599999996,84.52815300000002,30.3203728,0.27156969999999997,11.363197799999998,4.178403599999996
2026-08-17 01:00:00,25.7789414,86.301593,29.9372265,0.3242982,10.557826899999998,3.778941400000001
2026-08-17 02:00:00,25.344518299999997,88.286642,29.655557200000004,0.4022058,9.880161900000001,3.344518299999997
2026-08-17 03:00:00,24.9982083,89.216114,29.1285424,0.4906399,9.9435543,2.9982083000000017
2026-08-17 04:00:00,25.085441500000005,87.75296700000001,29.123915200000003,0.0768409,9.8202032,3.0854415000000053
2026-08-17 05:00:00,25.4198264,85.50431400000001,28.876298900000002,0.2192669,13.329456599999999,3.4198264000000016
2026-08-17 06:00:00,25.616077100000002,86.78243,29.434789500000004,0.6109167,12.5291078,3.616077100000002
2026-08-17 07:00:00,26.442432800000002,81.69435599999998,30.01024,0.4379005,13.698191399999997,4.442432800000002
2026-08-17 08:00:00,27.439457,76.39632499999999,30.902095199999998,0.36536530000000006,14.031404700000001,5.439457000000001
2026-08-17 09:00:00,28.30541,72.97017699999999,31.833745399999998,0.3778364,13.8064308,6.305409999999998
2026-08-17 10:00:00,28.987883299999996,70.275362,32.8262302,0.2618544,13.9052376,6.9878832999999965
2026-08-17 11:00:00,28.994063399999995,70.802714,33.226323,0.3599155,14.1496389,6.994063399999995
2026-08-17 12:00:00,29.310934000000003,71.11784399999999,34.095820599999996,0.8292052,11.786883300000001,7.310934000000003
2026-08-17 13:00:00,29.176067900000003,70.175145,33.9719062,0.415307,13.223000200000001,7.176067900000003
2026-08-17 14:00:00,29.379080199999997,70.464156,34.17042969999999,0.8661323000000001,11.9636283,7.379080199999997
2026-08-17 15:00:00,29.3987713,70.59226799999999,33.442765200000004,0.24317019999999998,12.312020800000003,7.3987713
2026-08-17 16:00:00,28.7856242,73.34073,32.5576924,0.2404035,13.6067374,6.785624200000001
2026-08-17 17:00:00,27.372416599999998,79.299511,30.854056500000002,0.5417644,15.691480700000001,5.3724165999999975
2026-08-17 18:00:00,26.804055099999996,82.41205699999999,31.0897797,0.7598117999999999,10.681487,4.804055099999996
2026-08-17 19:00:00,26.7173076,83.040318,30.9070566,0.28421820000000003,11.670201000000002,4.717307600000002
2026-08-17 20:00:00,26.4394161,84.690843,30.857469099999996,0.1782988,10.4810664,4.439416099999999
2026-08-17 21:00:00,26.415152600000003,85.65664699999999,30.908894,0.0944862,10.5015426,4.4151526000000025
2026-08-17 22:00:00,26.343463300000003,84.710118,30.694668800000002,0.1051893,10.613676100000001,4.343463300000003
2026-08-17 23:00:00,26.4315228,83.62257000000001,30.6799348,0.341874,10.926273,4.4315228
2026-08-18 00:00:00,25.92803,86.886958,30.425300900000003,0.2579689,9.7322541,3.9280299999999997
2026-08-18 01:00:00,25.6950189,86.314051,29.931822600000004,0.34379160000000003,10.155287399999999,3.695018900000001
2026-08-18 02:00:00,25.426713,86.77189200000001,29.516181200000002,0.28399789999999997,10.0745409,3.4267129999999995
2026-08-18 03:00:00,25.005653300000002,87.88768,29.004228299999998,0.0656734,10.3811946,3.0056533000000023
2026-08-18 04:00:00,25.1334639,88.31566600000001,29.183977300000002,0.0572014,10.3909506,3.133463899999999
2026-08-18 05:00:00,25.754259400000002,85.05746500000001,29.6813731,0.0293067,11.3419937,3.7542594000000022
2026-08-18 06:00:00,25.723668700000005,85.98660699999999,29.930023600000002,0.0391907,9.7637505,3.7236687000000046
2026-08-18 07:00:00,26.268580600000003,83.193463,30.5105312,0.1701922,9.8226634,4.2685806000000035
2026-08-18 08:00:00,27.1736159,78.076943,30.896098400000003,0.21858149999999998,12.894990700000001,5.1736159000000015
2026-08-18 09:00:00,28.098725800000004,74.37776199999999,31.870892500000004,0.19874799999999998,13.061781900000001,6.098725800000004
2026-08-18 10:00:00,28.8206349,70.813438,32.7264775,0.6182791,12.5480933,6.820634900000002
2026-08-18 11:00:00,30.032800899999998,65.346488,34.41619070000001,0.3496083,13.303825100000001,8.032800899999998
2026-08-18 12:00:00,30.3023861,65.169973,35.139254799999996,0.31664780000000003,13.0353942,8.3023861
2026-08-18 13:00:00,30.542087100000003,64.672595,35.68082400000001,0.0571302,12.2635521,8.542087100000003
2026-08-18 14:00:00,30.744038900000003,64.19923,35.5972493,0.24449909999999997,12.6812356,8.744038900000003
2026-08-18 15:00:00,30.454526700000002,65.24358699999999,34.59249929999999,0.3022656000000001,12.514633900000002,8.454526700000002
2026-08-18 16:00:00,29.069573899999998,71.427651,32.874778500000005,0.7775198999999999,12.857246000000002,7.069573899999998
2026-08-18 17:00:00,29.381926199999995,71.097396,33.57066579999999,0.3575023000000001,11.341848699999998,7.381926199999995
2026-08-18 18:00:00,28.5803579,74.248231,33.1723055,0.1463539,8.4665555,6.580357899999999
2026-08-18 19:00:00,27.662144299999998,79.11927800000001,32.1943059,0.0293067,9.680764700000001,5.662144299999998
2026-08-18 20:00:00,26.8693926,81.612868,31.377518200000004,0.4215511,8.884939,4.869392600000001
2026-08-18 21:00:00,25.7805125,86.866827,29.828614700000003,0.33239860000000004,11.6328452,3.7805125000000004
2026-08-18 22:00:00,25.6630071,86.627943,29.9668977,0.0723742,9.697590900000002,3.6630071000000015
2026-08-18 23:00:00,26.0999865,87.3716,30.7967583,0.0321307,9.3865335,4.0999865
2026-08-19 00:00:00,26.0256982,87.031048,30.831412099999998,0.08261740000000001,7.877398900000001,4.025698200000001
2026-08-19 01:00:00,25.9008783,87.41936299999999,30.625371400000002,0.02118,8.3817957,3.9008782999999987
2026-08-19 02:00:00,25.361634499999997,89.32059500000001,30.0260702,0.0391907,8.164963100000001,3.3616344999999974
2026-08-19 03:00:00,25.406576400000002,89.182595,30.1483283,0.0942587,7.6335533,3.4065764000000023
2026-08-19 04:00:00,25.1652414,89.750243,29.684355400000005,0.41113150000000004,8.1009148,3.1652413999999993
2026-08-19 05:00:00,25.576702600000004,89.33888500000002,30.3936284,0.3315827,7.8818222,3.5767026000000044
2026-08-19 06:00:00,25.6649174,88.33716100000001,30.265348700000004,0.0576551,9.1918818,3.6649174
2026-08-19 07:00:00,26.4976142,84.47868100000001,31.1296173,0.0378871,8.8480483,4.497614200000001
2026-08-19 08:00:00,27.376891899999997,78.278086,31.5175833,0.0947685,10.5197243,5.376891899999997
2026-08-19 09:00:00,28.2437843,75.22340200000001,32.5877544,0.0708729,10.188565299999999,6.2437843000000015
2026-08-19 10:00:00,29.2835751,70.83212,33.8180767,0.2602762,10.5318978,7.2835751
2026-08-19 11:00:00,29.881361100000003,66.232769,34.2218079,0.27765210000000007,12.4894705,7.881361100000003
2026-08-19 12:00:00,29.756026700000003,66.414218,34.6413375,0.2505326,11.5170819,7.756026700000003
2026-08-19 13:00:00,30.229938200000003,64.749588,35.062261799999995,0.3373106,11.314457599999999,8.229938200000003
2026-08-19 14:00:00,30.173987500000003,65.446534,34.60209690000001,0.20349280000000003,11.707047400000002,8.173987500000003
2026-08-19 15:00:00,30.1754057,66.132426,34.4405665,0.3968972,10.3737507,8.175405699999999
2026-08-19 16:00:00,29.278229900000003,69.135212,33.0353729,0.40988800000000003,11.4563357,7.278229900000003
2026-08-19 17:00:00,27.853644000000003,80.005822,32.6432578,0.7112328,9.639810299999999,5.853644000000003
2026-08-19 18:00:00,27.257065100000002,85.459932,32.4497815,1.1234086,8.7603988,5.257065100000002
2026-08-19 19:00:00,26.8861091,87.29548799999999,32.0952359,0.4003572,9.013405700000002,4.886109099999999
2026-08-19 20:00:00,26.7499674,88.240412,31.9699737,0.0667262,8.766310299999999,4.749967399999999
2026-08-19 21:00:00,26.5032017,88.54574099999999,31.5722001,0.0,9.5037509,4.503201700000002
2026-08-19 22:00:00,26.364548799999998,89.00319000000002,31.491769400000003,0.0278947,8.647789099999999,4.364548799999998
2026-08-19 23:00:00,26.595719700000004,90.86083900000001,32.0161931,0.0278947,9.5364772,4.595719700000004
2026-08-20 00:00:00,26.047959000000002,91.287932,31.232939899999998,0.1402827,9.0819028,4.047959000000002
2026-08-20 01:00:00,25.6410161,92.469835,30.5868073,0.1416947,9.6935374,3.6410161000000016
2026-08-20 02:00:00,25.518372499999998,93.07990500000001,30.570561100000003,0.1572907,8.4563998,3.518372499999998
2026-08-20 03:00:00,25.4002142,93.370856,30.2993481,0.0640818,9.3256101,3.4002142000000006
2026-08-20 04:00:00,25.402177899999998,92.088508,30.463288499999997,0.0420147,7.3960313,3.402177899999998
2026-08-20 05:00:00,25.4429148,91.603784,30.0509754,0.0446018,10.6760001,3.4429148000000005
2026-08-20 06:00:00,25.4779206,90.71566000000001,30.0501471,0.4585794,10.1214741,3.477920600000001
2026-08-20 07:00:00,26.0468556,87.36951400000001,30.578396299999998,0.15990310000000002,9.9111887,4.046855600000001
2026-08-20 08:00:00,26.697783899999997,83.015968,31.0293184,0.12269519999999999,10.402992600000001,4.6977838999999975
2026-08-20 09:00:00,27.6422731,77.798564,31.8046337,0.1128623,11.622513600000001,5.642273100000001
2026-08-20 10:00:00,28.186790300000002,76.088942,32.707807700000004,0.1257075,11.107292699999999,6.186790300000002
2026-08-20 11:00:00,28.9371234,72.755656,33.996142500000005,0.13980220000000002,9.8866183,6.937123400000001
2026-08-20 12:00:00,29.729377500000002,68.96720300000001,34.8821922,0.1740968,9.7164694,7.729377500000002
2026-08-20 13:00:00,30.315486500000002,65.826814,35.31527179999999,0.1301928,11.788952799999999,8.315486500000002
2026-08-20 14:00:00,30.321479800000002,66.56077400000001,35.6968925,0.2104888,9.6256201,8.321479800000002
2026-08-20 15:00:00,30.131426299999998,66.774891,34.715929900000006,0.0514502,9.846588999999998,8.131426299999998
2026-08-20 16:00:00,29.7219841,69.046473,34.1196869,0.3214328,9.257991400000002,7.7219841
2026-08-20 17:00:00,28.372802800000002,79.61386,33.423269299999994,0.1719902,9.468575600000001,6.372802800000002
2026-08-20 18:00:00,27.397393200000003,83.85380599999999,32.4794367,0.5331567,9.1964151,5.397393200000003
2026-08-20 19:00:00,26.9132519,86.35947200000001,32.1122873,0.25413280000000005,8.486081300000002,4.913251899999999
2026-08-20 20:00:00,26.6830968,87.208317,31.9521567,0.0667262,8.117223,4.683096800000001
2026-08-20 21:00:00,26.5261901,87.78792200000001,31.6727163,0.024859100000000002,8.4671518,4.526190100000001
2026-08-20 22:00:00,26.232344400000002,87.94298900000001,31.014242300000003,0.0278947,9.6726599,4.232344400000002
2026-08-20 23:00:00,26.571018100000003,89.414367,31.913953000000003,0.0293067,8.715243699999998,4.571018100000003
2026-08-21 00:00:00,26.077103200000003,90.704998,31.2907143,0.1811121,8.865263700000002,4.077103200000003
2026-08-21 01:00:00,25.814785399999998,90.330803,30.922856899999996,0.23161569999999998,8.0919965,3.814785399999998
2026-08-21 02:00:00,25.652930000000005,89.448593,30.552562500000004,0.1528721,8.0426,3.652930000000005
2026-08-21 03:00:00,25.4434945,89.489157,30.1526198,0.10131870000000001,8.339571600000001,3.4434945
2026-08-21 04:00:00,25.009669,92.258087,30.062933200000003,0.2641056,6.7430406,3.009668999999999
2026-08-21 05:00:00,25.137564699999995,92.188953,29.869335100000004,0.2694083,9.2896668,3.137564699999995
2026-08-21 06:00:00,25.2605484,89.793717,29.959931100000002,0.12005080000000001,8.093114,3.260548400000001
2026-08-21 07:00:00,26.088765600000002,85.299043,30.641376400000002,0.17160419999999998,8.4411516,4.088765600000002
2026-08-21 08:00:00,27.4085366,78.197866,31.647782499999998,0.0836841,10.6144494,5.4085366000000015
2026-08-21 09:00:00,28.5541994,72.093241,32.4209875,0.1115788,12.458340200000002,6.554199400000002
2026-08-21 10:00:00,29.3355529,70.004341,33.618474799999994,0.1115788,12.465854400000001,7.3355529
2026-08-21 11:00:00,30.097670000000004,66.040492,34.7375393,0.1240499,12.445293,8.097670000000004
2026-08-21 12:00:00,30.360512200000002,64.45615400000001,34.9774015,0.1348143,13.603130700000001,8.360512200000002
2026-08-21 13:00:00,30.734516,63.647212999999994,35.6713398,0.2265219,12.682018700000002,8.734516
2026-08-21 14:00:00,30.4222399,64.174932,34.7965534,0.5382540000000001,13.6950787,8.422239900000001
2026-08-21 15:00:00,30.3506749,64.15060399999999,34.2192826,0.2693582,12.8655465,8.350674900000001
2026-08-21 16:00:00,29.9038539,65.52934599999999,33.4673571,0.34908760000000005,12.287073300000001,7.903853900000001
2026-08-21 17:00:00,29.685117100000003,69.54006000000001,33.9861926,0.3038061,10.7295276,7.685117100000003
2026-08-21 18:00:00,28.535337100000003,75.651311,32.944292700000005,0.17792620000000003,11.285946200000001,6.535337100000003
2026-08-21 19:00:00,27.775124400000003,79.596456,32.457767,0.0765209,9.813571200000002,5.775124400000003
2026-08-21 20:00:00,27.196468599999996,81.755264,31.9352526,0.0293067,9.239712599999999,5.196468599999996
2026-08-21 21:00:00,26.878026500000004,84.869596,31.8440193,0.1303667,8.3976572,4.878026500000004
2026-08-21 22:00:00,26.523520599999998,86.07125500000001,31.407118000000004,0.1922273,8.9178487,4.523520599999998
2026-08-21 23:00:00,25.924498,89.06200199999999,30.8920164,0.1394735,8.2814753,3.924498
2026-08-22 00:00:00,25.531550799999998,90.704105,30.304878700000003,0.0891525,9.1817315,3.531550799999998
2026-08-22 01:00:00,25.2414167,90.828816,29.9327563,0.0836841,8.6158901,3.2414166999999985
2026-08-22 02:00:00,24.5508862,92.14832700000001,29.339279500000004,1.0178509,6.4177358,2.5508862000000008
2026-08-22 03:00:00,24.3443397,94.14530799999999,28.997631700000003,1.0446789,7.5597822,2.344339699999999
2026-08-22 04:00:00,23.986162399999998,95.499479,28.5870087,0.5186894,7.5978752,1.9861623999999978
2026-08-22 05:00:00,24.565133700000004,92.92740300000001,29.383000400000004,0.6763531999999999,6.543446,2.565133700000004
2026-08-22 06:00:00,24.8894572,92.492816,29.6554562,0.18112899999999998,8.280025,2.889457199999999
2026-08-22 07:00:00,25.771973399999997,89.613471,30.6972888,0.281771,8.555187100000001,3.7719733999999967
2026-08-22 08:00:00,27.027803000000002,82.262825,31.521180199999996,0.1334854,10.992270999999999,5.027803000000002
2026-08-22 09:00:00,27.9408841,76.430226,32.06287689999999,0.2046984,11.719077599999999,5.940884100000002
2026-08-22 10:00:00,28.3781173,74.528054,32.951427100000004,0.7126626,10.487042800000001,6.3781172999999995
2026-08-22 11:00:00,29.431506400000004,66.833574,33.3254812,0.9158659,14.3449133,7.4315064000000035
2026-08-22 12:00:00,30.0741495,66.263068,34.0673129,0.3042179,13.3014102,8.0741495
2026-08-22 13:00:00,30.313803600000004,66.732841,34.9993032,0.2383071,13.3537629,8.313803600000004
2026-08-22 14:00:00,30.1485901,66.88559599999999,34.1894844,0.39038690000000004,15.074572900000001,8.1485901
2026-08-22 15:00:00,29.769586800000003,69.27822,33.8500871,0.11817640000000001,12.642396100000001,7.769586800000003
2026-08-22 16:00:00,28.7911486,71.26345,32.390378,0.2484027,13.176172,6.7911486
2026-08-22 17:00:00,28.0349898,79.69144100000001,32.8317318,0.5405506,10.194043399999998,6.034989800000002
2026-08-22 18:00:00,27.6721967,84.319702,33.1613992,0.3086717,7.937737199999999,5.672196700000001
2026-08-22 19:00:00,26.8562534,86.877266,31.915712600000003,0.110976,10.2180664,4.8562534
2026-08-22 20:00:00,26.3380569,87.250568,31.329736099999995,0.1085432,8.1206161,4.3380569000000015
2026-08-22 21:00:00,25.9337497,89.22272,30.9683952,0.1952629,7.7552597,3.9337497
2026-08-22 22:00:00,25.8390251,88.915471,30.69785,0.0836841,8.640771800000001,3.8390251000000006
2026-08-22 23:00:00,26.470306400000005,86.619457,31.239343,0.0836841,9.8084245,4.4703064000000055
2026-08-23 00:00:00,25.8896579,88.789036,30.610735599999998,0.1673682,9.454381999999999,3.8896578999999996
2026-08-23 01:00:00,25.5847154,89.57895500000001,30.1701185,0.0891525,10.1067379,3.5847154000000003
2026-08-23 02:00:00,25.207456,91.14186,29.643764299999997,0.2231576,10.4341759,3.2074560000000005
2026-08-23 03:00:00,25.008515999999997,92.10341200000002,29.4880342,0.11581480000000001,9.804027000000001,3.0085159999999966
2026-08-23 04:00:00,24.8878356,91.33871400000001,29.474445799999998,0.0557894,8.3058444,2.887835599999999
2026-08-23 05:00:00,25.3836584,88.09783300000001,29.6695971,0.3451205,9.341014099999999,3.3836584000000016
2026-08-23 06:00:00,24.6634821,90.054875,28.703143800000003,1.7383802,9.371082600000001,2.6634820999999995
2026-08-23 07:00:00,25.515888600000004,88.797227,30.085437700000004,0.5653256000000001,8.8957416,3.515888600000004
2026-08-23 08:00:00,26.915684199999998,84.041055,31.691033599999997,0.2335685,9.317859899999998,4.915684199999998
2026-08-23 09:00:00,27.997300900000003,77.77578899999999,32.483185,0.038742200000000004,10.819275800000002,5.997300900000003
2026-08-23 10:00:00,28.666848400000003,74.183922,33.0314989,0.6044709,12.0169938,6.666848400000003
2026-08-23 11:00:00,29.141382299999997,72.13519399999998,33.6601232,0.1610462,13.2433356,7.1413822999999965
2026-08-23 12:00:00,29.6279921,70.508434,34.331079200000005,0.2363692,14.0883105,7.6279921
2026-08-23 13:00:00,30.0274054,68.49047399999999,34.784019,0.2477426,13.8088614,8.0274054
2026-08-23 14:00:00,29.906442700000007,68.71435000000001,34.4268625,0.31190080000000003,14.486763999999999,7.906442700000007
2026-08-23 15:00:00,30.203845200000004,67.662035,34.4428227,0.11444,13.3394682,8.203845200000004
2026-08-23 16:00:00,29.263342400000003,72.304895,33.275768500000005,0.33193500000000004,12.988163900000002,7.263342400000003
2026-08-23 17:00:00,29.0096194,74.23819200000001,33.5478604,0.0834725,10.8816163,7.009619399999998
2026-08-23 18:00:00,27.5235332,83.919562,32.5772603,0.8014339000000001,9.2938057,5.523533199999999
2026-08-23 19:00:00,27.0747304,85.27423399999999,32.238624300000005,0.6632553,8.790398,5.0747304
2026-08-23 20:00:00,27.0526281,85.864208,32.3800722,0.1303667,8.0190783,5.0526281
2026-08-23 21:00:00,26.966639700000005,86.935128,32.283889200000004,0.0278947,8.065758,4.966639700000005
2026-08-23 22:00:00,26.6048416,87.26959000000001,31.822693899999997,0.0278947,7.852380699999999,4.6048416
2026-08-23 23:00:00,26.2256669,87.87457700000002,31.372948200000003,0.0363667,7.2573666,4.2256669
2026-08-24 00:00:00,25.7323496,90.57219500000001,30.872904799999997,0.17459390000000002,7.3358239,3.732349599999999
2026-08-24 01:00:00,25.4421252,91.72162600000001,30.493914399999998,0.0797934,7.7188935,3.4421251999999996
2026-08-24 02:00:00,25.297709200000003,92.05436399999999,30.4010761,0.1250764,6.7125299,3.2977092000000034
2026-08-24 03:00:00,24.7599325,92.09492800000001,29.1402088,0.2114173,9.710275600000001,2.7599325000000015
2026-08-24 04:00:00,24.1805504,94.18086100000001,28.775228500000004,1.1345250000000002,7.2867517,2.1805504000000013
2026-08-24 05:00:00,24.891723099999997,94.40678599999998,29.592287599999995,0.468675,9.5604512,2.8917230999999965
2026-08-24 06:00:00,24.947769,93.26718600000001,29.788986800000004,0.41282830000000004,8.426872600000001,2.947769000000001
2026-08-24 07:00:00,25.685247299999997,90.16699899999999,30.720303599999998,0.1998581,7.584013,3.685247299999997
2026-08-24 08:00:00,26.7373152,83.934252,31.4507643,0.10272129999999999,9.175960100000001,4.737315200000001
2026-08-24 09:00:00,27.8797551,78.48322300000001,32.516695199999994,0.0932027,9.566990500000001,5.879755100000001
2026-08-24 10:00:00,28.6468338,74.923347,33.1471512,0.2083951,10.556317600000002,6.6468338
2026-08-24 11:00:00,28.5405969,74.248179,33.6605228,0.0862,10.5515656,6.540596900000001
2026-08-24 12:00:00,28.100659500000003,77.449089,33.0310834,0.8157642,9.287984000000002,6.100659500000003
2026-08-24 13:00:00,28.087323100000003,78.82262200000001,33.175985100000005,1.4372561,10.9643656,6.0873231000000025
2026-08-24 14:00:00,28.4452327,76.92649800000001,33.241769100000006,0.5944922,10.5227229,6.445232699999998
2026-08-24 15:00:00,28.693958399999996,76.602621,33.567213200000005,0.3849835,9.1559524,6.693958399999996
2026-08-24 16:00:00,27.7685349,78.980041,32.0103141,1.845936,10.9529428,5.768534899999999
2026-08-24 17:00:00,28.0171351,79.97628,32.7954415,0.3759221,10.192349,6.017135100000001
2026-08-24 18:00:00,27.051846899999997,85.46634499999999,32.4047931,1.3454270000000002,6.8878073,5.0518468999999975
2026-08-24 19:00:00,26.958531600000004,86.212351,32.0577327,0.18312050000000002,9.0451984,4.958531600000004
2026-08-24 20:00:00,26.7324793,86.975253,31.699896999999996,0.0278947,9.818323200000002,4.732479300000001
2026-08-24 21:00:00,26.4585207,87.76722600000001,31.3382629,0.0335427,10.233654999999999,4.458520700000001
2026-08-24 22:00:00,26.1347097,88.93602100000001,30.898168,0.106256,10.247887900000002,4.134709699999998
2026-08-24 23:00:00,26.1772384,87.553724,30.900560600000006,0.0460138,9.8718284,4.1772384
2026-08-25 00:00:00,25.7979843,89.941977,30.800318000000004,0.1992419,8.0626286,3.7979842999999995
2026-08-25 01:00:00,25.581020199999998,91.48363499999999,30.610953900000002,0.0362382,8.054019899999998,3.5810201999999975
2026-08-25 02:00:00,25.588362999999994,90.425612,30.4582847,0.0739085,8.383938800000001,3.588362999999994
2026-08-25 03:00:00,25.474608400000005,90.11714,30.321198099999997,0.0420147,8.2092457,3.4746084000000046
2026-08-25 04:00:00,25.164441599999996,91.785625,30.141749999999995,0.16534320000000002,7.0888553000000005,3.1644415999999964
2026-08-25 05:00:00,25.0971796,92.792154,30.135772600000003,0.1218081,7.1988509,3.0971796000000005
2026-08-25 06:00:00,25.1648358,92.558137,30.275803000000003,0.5694827,6.4781767,3.1648357999999988
2026-08-25 07:00:00,25.509892299999997,91.113146,30.5212899,0.4172831,7.776916,3.509892299999997
2026-08-25 08:00:00,25.963233,87.61656199999999,30.7819523,0.3589143000000001,8.1282653,3.963232999999999
2026-08-25 09:00:00,26.895425200000005,83.305741,31.808992399999998,0.5704537000000001,7.5528604,4.895425200000005
2026-08-25 10:00:00,28.023391600000004,78.93494700000001,32.96580780000001,0.5419953999999999,10.489021800000002,6.023391600000004
2026-08-25 11:00:00,29.0692673,71.328997,33.5066306,0.3337702000000001,11.3240783,7.0692673
2026-08-25 12:00:00,29.2758463,70.92213400000001,34.0716293,0.5227927,12.3324034,7.275846300000001
2026-08-25 13:00:00,29.9337887,68.497606,35.1305022,0.2985622,10.4110019,7.933788700000001
2026-08-25 14:00:00,29.6660109,68.964886,34.2371573,0.2172526,10.5627507,7.6660109
2026-08-25 15:00:00,29.261983,71.42472900000001,33.6989725,0.32441780000000003,9.9958627,7.261983000000001
2026-08-25 16:00:00,29.276702599999997,72.34403999999999,33.6948134,0.33123320000000006,10.128677200000002,7.276702599999997
2026-08-25 17:00:00,27.9782399,81.885606,33.0058981,0.1774648,10.363186600000002,5.978239899999998
2026-08-25 18:00:00,27.585878400000002,83.60036300000002,32.7619554,0.1947102,9.1174686,5.585878400000002
2026-08-25 19:00:00,27.2395637,84.45746100000001,32.218237200000004,0.09462090000000001,9.5736418,5.2395637000000015
2026-08-25 20:00:00,26.897418000000002,85.06703,31.668419999999998,0.0,10.393501900000002,4.897418000000002
2026-08-25 21:00:00,26.470606599999993,87.338225,31.292566400000002,0.034954700000000005,10.219148800000001,4.470606599999993
2026-08-25 22:00:00,25.979791300000002,87.89311000000001,30.5160924,0.24433760000000002,10.297454,3.9797913000000023
2026-08-25 23:00:00,26.1517914,87.46300800000002,30.9182317,0.1648895,9.4542377,4.1517914000000005
2026-08-26 00:00:00,25.8518626,88.902425,30.648816699999998,0.040948,8.9375924,3.8518626000000005
2026-08-26 01:00:00,25.662112499999996,89.285935,30.4003639,0.06743070000000001,8.975243800000001,3.6621124999999957
2026-08-26 02:00:00,25.4289218,90.66052200000001,30.1392785,0.029652,8.545792500000001,3.4289218000000012
2026-08-26 03:00:00,25.287567199999998,91.062064,30.0451128,0.073424,8.115547600000001,3.287567199999998
2026-08-26 04:00:00,25.147413,91.047944,29.88164,0.036712,7.9993952,3.1474130000000002
2026-08-26 05:00:00,25.257920400000003,92.165456,30.2969155,0.038124000000000005,7.492699599999999,3.2579204000000033
2026-08-26 06:00:00,25.0038325,91.56559399999999,29.7300762,0.4003572,7.8123919,3.0038325000000015
2026-08-26 07:00:00,25.4788422,90.47571400000001,30.5145715,3.0891871,6.9342581,3.478842199999999
2026-08-26 08:00:00,26.5002899,85.014586,31.328564,0.6785399000000001,8.2315724,4.5002898999999985
2026-08-26 09:00:00,27.636570999999996,80.386618,32.60918,0.3285037,8.6624326,5.6365709999999964
2026-08-26 10:00:00,28.4543051,77.169606,33.5778818,0.2419063,9.379077500000001,6.454305099999999
2026-08-26 11:00:00,28.9332375,73.944182,34.3352001,0.1961552,9.8546848,6.933237500000001
2026-08-26 12:00:00,29.2343022,74.52743099999999,34.9199256,0.41972460000000006,11.1412685,7.234302199999998
2026-08-26 13:00:00,30.0103002,72.78557,36.1039002,0.17239379999999999,10.3324165,8.0103002
2026-08-26 14:00:00,29.727999,72.17533899999998,35.1652534,0.2737825,9.65642,7.7279990000000005
2026-08-26 15:00:00,29.836956500000003,70.956149,34.7282919,0.12207279999999998,9.9331661,7.836956500000003
2026-08-26 16:00:00,29.4502383,72.060945,33.841532,0.107092,10.887901500000002,7.450238299999999
2026-08-26 17:00:00,27.982330799999996,81.81907899999999,33.2179646,0.2150324,9.2296836,5.982330799999996
2026-08-26 18:00:00,27.740059600000002,83.54186600000001,33.1342103,0.07655290000000001,7.775166099999999,5.740059600000002
2026-08-26 19:00:00,27.189493000000002,85.51151,32.5176034,0.0612578,8.5068912,5.189493000000002
2026-08-26 20:00:00,26.806770399999998,86.62095000000001,31.9237071,0.0448387,9.490805000000002,4.806770399999998
2026-08-26 21:00:00,26.4521794,88.005425,31.4152584,0.0603707,9.936948300000003,4.452179399999999
2026-08-26 22:00:00,26.1344954,88.57263400000001,30.9631513,0.0335427,9.5105505,4.134495399999999
2026-08-26 23:00:00,26.497528099999997,88.098056,31.448281100000003,0.0879201,9.802155899999999,4.497528099999997
2026-08-27 00:00:00,26.0019757,89.930092,30.948615,0.19808689999999998,9.8099616,4.001975699999999
2026-08-27 01:00:00,25.7608007,90.772336,30.5527106,0.1408855,10.572499899999999,3.7608007000000008
2026-08-27 02:00:00,25.534318,91.45494100000002,30.2554453,0.1394735,10.1627836,3.534317999999999
2026-08-27 03:00:00,25.4137341,90.43350799999999,29.9758687,0.0557894,9.8124465,3.413734099999999
2026-08-27 04:00:00,25.2430408,92.03710099999999,29.883699200000002,0.0557894,9.893102200000001,3.2430407999999993
2026-08-27 05:00:00,25.937462000000004,89.57753600000001,30.7333189,0.14899210000000002,9.5680523,3.9374620000000036
2026-08-27 06:00:00,25.8540917,89.54846500000001,30.595539200000005,0.0836841,10.0077245,3.8540917000000015
2026-08-27 07:00:00,26.7834902,85.860777,31.566862599999997,0.0656734,10.5895258,4.783490199999999
2026-08-27 08:00:00,27.8449363,79.643946,32.6178695,0.0724965,10.4447202,5.8449363000000005
2026-08-27 09:00:00,28.694142,75.924617,33.5595585,0.1193453,10.1592123,6.694141999999999
2026-08-27 10:00:00,29.5626724,72.41453800000001,34.8740181,0.1333569,9.6446426,7.5626724
2026-08-27 11:00:00,30.255724000000004,64.293149,34.719835700000004,0.17526319999999998,11.3580335,8.255724000000004
2026-08-27 12:00:00,30.857517800000004,61.408922000000004,35.6148119,0.42813260000000003,11.688824599999998,8.857517800000004
2026-08-27 13:00:00,30.5631981,63.73906,35.3259544,0.1583445,12.5746507,8.563198100000001
2026-08-27 14:00:00,30.4482647,66.940451,35.4113906,0.11806180000000001,12.1361722,8.4482647
2026-08-27 15:00:00,30.264317899999998,67.86021600000001,35.0059078,0.1224263,11.4800546,8.264317899999998
2026-08-27 16:00:00,29.799360399999998,70.203477,34.313905199999994,0.3124453,10.2266715,7.799360399999998
2026-08-27 17:00:00,28.5913922,74.97615300000001,33.1785809,0.1646613,9.464640500000002,6.591392200000001
2026-08-27 18:00:00,27.9670342,78.76016800000001,33.0642282,0.1335685,7.1870289000000005,5.9670342000000005
2026-08-27 19:00:00,27.3030134,82.69471300000001,32.3158803,0.2297237,8.4618863,5.303013400000001
2026-08-27 20:00:00,27.072852100000002,85.486247,32.1694862,0.136521,8.779932500000001,5.072852100000002
2026-08-27 21:00:00,26.6524845,85.997941,31.687900000000006,0.18312050000000002,8.7413468,4.6524845
2026-08-27 22:00:00,26.555731700000003,86.534794,31.4508144,0.1115788,9.221040499999999,4.555731700000003
2026-08-27 23:00:00,26.7058917,86.96675400000001,31.624446300000002,0.0907441,10.062989700000001,4.705891699999999
2026-08-28 00:00:00,26.2316163,88.225553,31.022090400000003,0.0741454,10.3031744,4.231616299999999
2026-08-28 01:00:00,25.9475142,88.91836599999999,30.7032705,0.0377787,9.805199900000002,3.9475142000000005
2026-08-28 02:00:00,25.6699013,89.847446,30.388115799999998,0.0307187,9.2610796,3.6699012999999994
2026-08-28 03:00:00,25.574438200000003,89.37280600000001,30.1023901,0.0278947,9.972148599999999,3.574438200000003
2026-08-28 04:00:00,25.7361254,86.340602,29.740132600000003,0.051898700000000006,11.060095200000001,3.736125399999999
2026-08-28 05:00:00,25.2410843,89.73389800000001,29.088050099999997,0.044710200000000005,12.972276500000001,3.2410843000000007
2026-08-28 06:00:00,25.4922254,89.21188699999999,29.817765100000003,0.3620784,10.648578399999998,3.492225399999999
2026-08-28 07:00:00,26.274531,87.54011499999999,30.970043600000004,0.059304,10.2960065,4.274531
2026-08-28 08:00:00,27.666009900000002,77.485989,31.6983372,0.17986459999999999,11.4714531,5.666009900000002
2026-08-28 09:00:00,28.5178131,72.395623,32.2615282,0.1224263,13.1522494,6.5178131000000015
2026-08-28 10:00:00,29.367878100000002,68.88766,33.64499399999999,0.17659210000000003,13.247904,7.367878100000002
2026-08-28 11:00:00,29.958571600000003,65.08496799999999,34.47493229999999,0.156804,13.834915900000002,7.958571600000003
2026-08-28 12:00:00,30.359335900000005,63.352422000000004,35.0345633,0.1611685,13.9886927,8.359335900000005
2026-08-28 13:00:00,30.9454409,61.929179,35.527843399999995,0.1389218,14.3196724,8.945440900000001
2026-08-28 14:00:00,31.0206334,61.33123200000001,35.122250699999995,0.09181600000000001,14.593314000000001,9.020633400000001
2026-08-28 15:00:00,30.549158199999997,63.795550000000006,34.075776499999996,0.1165213,15.594997400000002,8.549158199999997
2026-08-28 16:00:00,29.924889000000004,65.573083,33.0795667,0.11793329999999999,14.3075504,7.924889000000004
2026-08-28 17:00:00,29.232298500000002,71.24287300000002,33.2240921,0.1350889,11.8413566,7.232298500000002
2026-08-28 18:00:00,28.745394500000003,73.50966700000001,33.132909399999996,0.1834529,9.7127493,6.745394500000003
2026-08-28 19:00:00,27.9531843,77.41988400000001,32.4912953,0.1864054,9.149046599999998,5.9531843
2026-08-28 20:00:00,27.3525986,80.738956,31.992673300000003,0.201829,9.065602900000002,5.3525986
2026-08-28 21:00:00,26.9880095,82.50995,31.665242000000003,0.1181449,8.9131934,4.9880095
2026-08-28 22:00:00,26.499940300000006,84.241603,31.128687000000003,0.4643832,8.9491461,4.499940300000006
2026-08-28 23:00:00,26.608250799999997,84.71451900000001,31.184115200000004,0.3301536,9.892042700000001,4.608250799999997
2026-08-29 00:00:00,26.196184799999997,85.09982500000001,30.5036741,0.08472,10.458697200000001,4.1961847999999975
2026-08-29 01:00:00,25.9300222,86.19334899999998,30.159591500000005,0.016944,10.346712799999999,3.9300222
2026-08-29 02:00:00,25.76474,85.90336300000001,29.8278912,0.04236,10.7457297,3.7647399999999998
2026-08-29 03:00:00,25.306229300000002,86.666203,29.124741,0.245087,11.7482545,3.306229300000002
2026-08-29 04:00:00,25.2122174,87.16421600000001,28.965845299999998,0.068132,11.4059994,3.2122174
2026-08-29 05:00:00,25.8442511,85.18230999999999,29.5730256,0.1115788,12.9643719,3.844251100000001
2026-08-29 06:00:00,25.8416836,84.999003,29.607390900000002,0.0278947,12.8266738,3.8416835999999996
2026-08-29 07:00:00,26.5018261,80.748616,30.0669626,0.0777791,13.221578,4.501826099999999
2026-08-29 08:00:00,27.2597938,78.00160999999999,30.8614307,0.0915791,13.614384600000001,5.259793800000001
2026-08-29 09:00:00,28.346771,71.988383,31.6788366,0.1768037,14.6721412,6.346771
2026-08-29 10:00:00,29.247786600000005,69.53947,33.2584725,0.2046984,14.3943767,7.247786600000005
2026-08-29 11:00:00,29.852308599999997,65.29667400000001,34.226559099999996,0.22955750000000003,14.8370964,7.852308599999997
2026-08-29 12:00:00,30.6956686,62.135239000000006,35.0538091,0.1305329,15.8479928,8.695668600000001
2026-08-29 13:00:00,30.6964721,63.556670999999994,35.2056195,0.3055845,14.7411397,8.696472100000001
2026-08-29 14:00:00,30.105013999999997,63.632235,33.7963035,0.3263701,15.497237800000002,8.105013999999997
2026-08-29 15:00:00,30.1533006,64.52601,33.5474543,0.1470738,13.1640556,8.153300600000001
2026-08-29 16:00:00,30.319493,63.059045000000005,33.3905134,0.031919100000000006,13.9379962,8.319493000000001
2026-08-29 17:00:00,29.333126999999998,69.282755,32.943416500000005,0.1785444,12.636724300000001,7.3331269999999975
2026-08-29 18:00:00,28.692564499999996,72.869891,32.8143876,0.0403658,11.269658699999999,6.692564499999996
2026-08-29 19:00:00,28.037809300000003,75.870784,32.4200443,0.1115788,9.330523000000001,6.037809300000003
2026-08-29 20:00:00,27.6133367,77.483801,31.9335878,0.0902502,9.822336000000002,5.613336700000001
2026-08-29 21:00:00,27.224021699999998,79.17489,31.5303334,0.0278947,9.6307571,5.224021699999998
2026-08-29 22:00:00,26.902711700000005,79.959942,31.203041499999998,0.0278947,9.5816953,4.902711700000005
2026-08-29 23:00:00,26.874686,80.29808299999999,31.083180700000003,0.0278947,9.913434299999999,4.8746860000000005
2026-08-30 00:00:00,26.204263100000002,82.60218900000001,30.334009499999997,0.3396722,10.038996899999999,4.204263100000002
2026-08-30 01:00:00,26.0030885,83.37620199999999,30.021392300000002,0.065308,10.3792907,4.0030885000000005
2026-08-30 02:00:00,25.703274800000003,84.05317099999999,29.4663114,0.11273380000000001,11.026902799999998,3.7032748000000026
2026-08-30 03:00:00,25.465726799999995,84.734052,29.1150098,0.001412,11.3354095,3.4657267999999952
2026-08-30 04:00:00,25.249193100000003,85.067683,28.809631700000004,0.0,11.6176878,3.249193100000003
2026-08-30 05:00:00,25.6091969,83.789128,29.142105700000002,0.0,12.314623899999999,3.6091969000000006
2026-08-30 06:00:00,25.603959200000002,82.85787500000002,29.0313681,0.1151924,12.1025616,3.603959200000002
2026-08-30 07:00:00,26.3529084,79.990338,29.8612156,0.2083951,12.1920649,4.3529084000000005
2026-08-30 08:00:00,27.3179634,75.985178,30.6099336,0.4298393,13.864811500000002,5.3179634
2026-08-30 09:00:00,28.3448125,71.83914800000001,31.6826608,0.1181449,14.375546900000002,6.3448125
2026-08-30 10:00:00,29.3901905,67.674193,32.9050722,0.10272129999999999,14.7394573,7.390190499999999
2026-08-30 11:00:00,30.102913400000006,64.288825,33.9068367,0.2426897,14.5626013,8.102913400000006
2026-08-30 12:00:00,30.4786219,61.84497999999999,34.49866790000001,0.39201050000000004,14.9680015,8.4786219
2026-08-30 13:00:00,30.7825533,60.685403,34.631514800000005,0.1583445,14.556405600000001,8.7825533
2026-08-30 14:00:00,30.817305599999997,60.980838999999996,34.514603799999996,0.1419574,13.8316157,8.817305599999997
2026-08-30 15:00:00,30.462384900000004,61.96319400000001,33.84936570000001,0.6834142,13.029814,8.462384900000004
2026-08-30 16:00:00,30.2023399,62.45119500000001,33.211112199999995,0.2367666,13.6189595,8.202339899999998
2026-08-30 17:00:00,29.7453796,65.711336,33.0865892,0.37074690000000005,13.0339252,7.7453796
2026-08-30 18:00:00,28.3696763,74.39210800000001,32.533615600000005,0.1537684,10.463340500000001,6.369676299999998
2026-08-30 19:00:00,27.7783795,77.65308500000002,32.2279423,0.0278947,9.430347200000002,5.7783795
2026-08-30 20:00:00,27.557558699999998,78.541209,31.8294513,0.0,10.216446000000001,5.557558699999998
2026-08-30 21:00:00,27.236526299999998,79.044027,31.425620400000003,0.0,10.2500351,5.236526299999998
2026-08-30 22:00:00,26.7997158,80.374969,31.029195299999998,0.08729769999999999,9.5969484,4.799715800000001
2026-08-30 23:00:00,26.4994516,82.835561,30.787659599999998,0.1735488,9.780826999999999,4.4994516
2026-08-31 00:00:00,25.945053599999998,84.213435,30.0372994,0.1569501,10.140611800000002,3.945053599999998
2026-08-31 01:00:00,25.748115000000002,83.529937,29.484341699999998,0.21770630000000002,10.847397400000002,3.748115000000002
2026-08-31 02:00:00,25.540739700000003,82.081741,28.8556904,0.29886209999999996,11.7157266,3.540739700000003
2026-08-31 03:00:00,25.2744878,82.285856,28.3990928,0.3311012,11.8895458,3.2744877999999993
2026-08-31 04:00:00,25.076908200000002,83.301261,28.1649349,0.0809685,12.495049400000001,3.076908200000002
2026-08-31 05:00:00,25.4604844,83.60035599999999,28.764307299999995,0.0377787,12.706979200000001,3.4604843999999986
2026-08-31 06:00:00,25.5021667,82.06679,28.6984672,0.0293067,12.7272421,3.5021667
2026-08-31 07:00:00,26.188779999999998,79.29546599999999,29.4478334,0.0446018,12.3281198,4.188779999999998
2026-08-31 08:00:00,27.255579400000002,74.068747,30.1645147,0.05403730000000001,14.447630900000002,5.255579400000002
2026-08-31 09:00:00,28.021216099999997,70.65789,30.9150741,0.1165213,14.8512961,6.021216099999997
2026-08-31 10:00:00,29.4038365,65.392857,32.6730862,0.09756719999999999,14.8048544,7.403836500000001
2026-08-31 11:00:00,30.0042133,63.00448,33.5575666,0.33443500000000004,15.2818843,8.0042133
2026-08-31 12:00:00,29.873900199999998,62.245361,33.5327266,0.6491965000000001,14.73263,7.873900199999998
2026-08-31 13:00:00,30.4597884,60.93879900000001,34.4086477,0.48675120000000005,13.685044699999999,8.4597884
2026-08-31 14:00:00,30.627523999999998,60.40972299999999,34.1578678,0.2668031,13.9943559,8.627523999999998
2026-08-31 15:00:00,30.5136151,60.756901,33.55647390000001,0.4360586,14.3499694,8.513615099999999
2026-08-31 16:00:00,30.254487199999996,61.65434,32.9321134,0.17239379999999999,14.432350400000002,8.254487199999996
2026-08-31 17:00:00,29.628517000000002,65.04842500000001,32.877265900000005,0.1039671,12.780160400000002,7.628517000000002
2026-08-31 18:00:00,28.834754399999998,68.58534,32.5313672,0.0697809,10.2061799,6.834754399999998
2026-08-31 19:00:00,28.277969999999996,72.781033,32.3514552,0.0961351,9.296616199999999,6.277969999999996
2026-08-31 20:00:00,27.974566499999998,75.02968600000001,32.343165500000005,0.0961351,8.492945599999999,5.974566499999998
2026-08-31 21:00:00,27.6494752,77.025774,32.0350822,0.07519200000000001,8.788765699999999,5.649475200000001
2026-08-31 22:00:00,27.251752699999997,78.81128000000001,31.527232100000003,0.009884,9.6658621,5.251752699999997
2026-08-31 23:00:00,27.123696,79.460974,31.4188065,0.011296,9.5403971,5.123695999999999
